Datum;Bedrag (EUR);Af Bij;Mededelingen
20150101;1.799,11;Bij;Salaris maand
20150101;6,07;Af;Huur
20150103;52,95;Af;Kleding
20150104;6,01;Af;Boodschappen
20150107;26,24;Af;Uit eten
20150109;52,61;Af;Kleding
20150110;165,23;Af;Kleding
20150111;155,01;Af;Belegging
20150112;62,67;Af;Entertainment
20150113;18,57;Af;Uit eten
20150114;52,49;Af;Kleding
20150116;143,03;Af;Benzine
20150116;162,98;Af;Naar spaarrekening
20150117;12,65;Af;Benzine
20150120;24,29;Af;Boodschappen
20150123;76,25;Af;Entertainment
20150124;221,29;Af;Entertainment
20150126;18,93;Af;Benzine
20150127;39,57;Af;Uit eten
20150129;447,35;Af;Belegging
20150130;176,68;Af;Naar spaarrekening
20150131;40,12;Af;Kleding
20150201;2.043,50;Bij;Salaris maand
20150202;42,62;Af;Benzine
20150203;124,75;Af;Huur
20150204;17,28;Af;Boodschappen
20150207;5,44;Af;Boodschappen
20150210;118,00;Af;Belegging
20150212;82,54;Af;Entertainment
20150213;8,10;Af;Boodschappen
20150214;44,33;Af;Uit eten
20150215;15,98;Af;Kleding
20150218;41,69;Af;Huur
20150221;69,05;Af;Uit eten
20150225;63,73;Af;Boodschappen
20150225;302,44;Af;Belegging
20150226;6,41;Af;Huur
20150227;191,29;Af;Belegging
20150301;2.014,02;Bij;Salaris maand
20150301;83,86;Af;Entertainment
20150302;39,30;Af;Entertainment
20150306;25,44;Af;Kleding
20150307;393,06;Af;Belegging
20150308;197,00;Af;Uit eten
20150309;24,26;Af;Entertainment
20150310;15,01;Af;Boodschappen
20150311;63,11;Af;Benzine
20150314;97,04;Af;Entertainment
20150315;25,40;Af;Kleding
20150316;11,09;Af;Benzine
20150317;11,17;Af;Huur
20150318;53,16;Af;Uit eten
20150318;188,38;Bij;Van spaarrekening
20150318;185,02;Af;Belegging
20150319;31,68;Af;Entertainment
20150325;3,70;Af;Benzine
20150329;17,71;Af;Uit eten
20150330;149,56;Af;Huur
20150331;25,66;Af;Benzine
20150401;1.845,62;Bij;Salaris maand
20150401;161,54;Af;Huur
20150401;91,92;Af;Naar spaarrekening
20150403;261,52;Af;Benzine
20150404;47,64;Af;Benzine
20150405;0,34;Af;Benzine
20150406;157,47;Af;Naar spaarrekening
20150407;240,60;Af;Kleding
20150410;24,26;Af;Kleding
20150411;87,27;Af;Uit eten
20150412;52,17;Af;Entertainment
20150413;61,08;Af;Kleding
20150414;88,44;Af;Entertainment
20150420;21,91;Af;Boodschappen
20150422;167,75;Af;Naar spaarrekening
20150423;82,91;Af;Uit eten
20150426;68,12;Af;Entertainment
20150428;71,25;Af;Kleding
20150430;21,69;Af;Benzine
20150501;2.018,00;Bij;Salaris maand
20150501;168,44;Af;Boodschappen
20150503;195,52;Bij;Van spaarrekening
20150504;19,40;Af;Benzine
20150504;65,87;Af;Naar spaarrekening
20150505;20,38;Af;Huur
20150506;16,50;Af;Entertainment
20150507;46,87;Af;Entertainment
20150508;90,29;Af;Benzine
20150509;9,89;Af;Kleding
20150512;113,91;Af;Uit eten
20150514;145,73;Af;Naar spaarrekening
20150517;9,00;Af;Kleding
20150518;66,97;Af;Huur
20150519;186,05;Af;Kleding
20150524;39,26;Af;Benzine
20150525;11,26;Af;Huur
20150526;217,69;Af;Belegging
20150527;14,75;Af;Entertainment
20150528;12,29;Af;Entertainment
20150601;2.001,76;Bij;Salaris maand
20150601;144,89;Af;Entertainment
20150606;107,38;Af;Benzine
20150609;85,39;Af;Entertainment
20150613;33,97;Af;Huur
20150614;178,10;Af;Kleding
20150614;136,29;Af;Naar spaarrekening
20150615;14,32;Af;Benzine
20150615;176,48;Af;Naar spaarrekening
20150625;31,30;Af;Uit eten
20150628;60,53;Af;Kleding
20150630;74,26;Af;Benzine
20150701;2.086,58;Bij;Salaris maand
20150701;4,29;Af;Entertainment
20150704;1,36;Af;Boodschappen
20150706;14,10;Af;Boodschappen
20150709;49,17;Af;Benzine
20150710;54,62;Af;Boodschappen
20150711;15,34;Af;Huur
20150714;11,37;Af;Kleding
20150718;154,92;Af;Benzine
20150718;146,68;Af;Naar spaarrekening
20150722;13,62;Af;Entertainment
20150723;95,79;Af;Uit eten
20150725;23,10;Af;Boodschappen
20150726;0,02;Af;Boodschappen
20150728;3,05;Af;Benzine
20150729;72,78;Af;Naar spaarrekening
20150730;6,44;Af;Huur
20150731;14,33;Af;Huur
20150801;1.938,78;Bij;Salaris maand
20150802;127,98;Af;Uit eten
20150803;171,23;Af;Boodschappen
20150806;12,32;Af;Entertainment
20150806;199,95;Af;Naar spaarrekening
20150808;7,00;Af;Uit eten
20150809;2,37;Af;Uit eten
20150810;23,36;Af;Entertainment
20150811;18,86;Af;Entertainment
20150813;47,70;Af;Entertainment
20150814;71,38;Af;Uit eten
20150817;443,84;Af;Belegging
20150818;2,84;Af;Entertainment
20150818;150,61;Bij;Van spaarrekening
20150819;31,94;Af;Boodschappen
20150820;3,04;Af;Uit eten
20150821;59,81;Bij;Van spaarrekening
20150822;13,92;Af;Kleding
20150823;93,23;Af;Benzine
20150825;81,45;Af;Benzine
20150827;17,17;Af;Huur
20150830;2,46;Af;Huur
20150830;142,23;Af;Naar spaarrekening
20150830;236,66;Af;Belegging
20150831;53,43;Af;Benzine
20150901;1.958,45;Bij;Salaris maand
20150901;36,34;Af;Benzine
20150904;62,01;Af;Kleding
20150907;176,50;Af;Entertainment
20150908;89,06;Af;Uit eten
20150909;1,32;Af;Uit eten
20150910;71,17;Af;Kleding
20150912;69,70;Af;Entertainment
20150913;9,17;Af;Huur
20150914;73,94;Af;Kleding
20150915;58,13;Af;Boodschappen
20150918;3,11;Af;Kleding
20150918;157,75;Af;Naar spaarrekening
20150919;105,33;Af;Huur
20150922;8,21;Af;Entertainment
20150922;214,42;Af;Belegging
20150923;31,20;Af;Entertainment
20150923;147,62;Af;Naar spaarrekening
20150925;67,05;Af;Benzine
20150925;60,35;Bij;Van spaarrekening
20150926;123,73;Af;Benzine
20150927;7,69;Af;Boodschappen
20150929;35,45;Af;Boodschappen
20150929;79,83;Bij;Van spaarrekening
20150930;204,46;Af;Kleding
20151001;1.859,71;Bij;Salaris maand
20151001;78,40;Af;Kleding
20151002;161,06;Af;Naar spaarrekening
20151003;27,72;Af;Benzine
20151004;20,62;Af;Kleding
20151005;94,50;Af;Kleding
20151007;82,44;Af;Entertainment
20151007;84,12;Af;Naar spaarrekening
20151008;41,33;Af;Kleding
20151016;194,06;Af;Naar spaarrekening
20151019;82,39;Af;Uit eten
20151022;169,07;Af;Benzine
20151023;11,21;Af;Huur
20151024;17,17;Af;Kleding
20151025;20,64;Af;Benzine
20151026;17,80;Af;Uit eten
20151026;74,42;Af;Naar spaarrekening
20151027;3,41;Af;Uit eten
20151031;15,61;Af;Benzine
20151101;1.991,40;Bij;Salaris maand
20151101;216,48;Af;Benzine
20151102;103,31;Bij;Van spaarrekening
20151103;40,90;Af;Uit eten
20151105;2,72;Af;Kleding
20151106;141,43;Af;Huur
20151107;39,86;Af;Huur
20151107;156,74;Af;Naar spaarrekening
20151108;0,37;Af;Huur
20151110;82,87;Af;Boodschappen
20151111;24,47;Af;Huur
20151112;156,87;Af;Uit eten
20151112;165,17;Bij;Van spaarrekening
20151113;17,60;Af;Benzine
20151115;38,23;Af;Boodschappen
20151116;35,41;Af;Boodschappen
20151116;179,15;Af;Naar spaarrekening
20151117;46,69;Af;Kleding
20151118;74,78;Af;Boodschappen
20151120;78,60;Af;Boodschappen
20151123;55,49;Af;Benzine
20151124;17,58;Af;Benzine
20151126;45,78;Af;Kleding
20151126;76,53;Af;Naar spaarrekening
20151129;18,12;Af;Benzine
20151130;21,83;Af;Benzine
20151201;1.899,33;Bij;Salaris maand
20151202;51,11;Af;Kleding
20151204;17,65;Af;Benzine
20151206;15,41;Af;Huur
20151207;20,25;Af;Boodschappen
20151212;119,85;Af;Kleding
20151214;36,95;Af;Uit eten
20151218;142,43;Bij;Van spaarrekening
20151219;36,91;Af;Huur
20151220;31,00;Af;Entertainment
20151222;23,45;Af;Benzine
20151223;33,92;Af;Benzine
20151224;254,22;Af;Belegging
20151225;79,01;Bij;Van spaarrekening
20151228;1,27;Af;Boodschappen
20151230;81,25;Af;Entertainment
20160101;1.873,02;Bij;Salaris maand
20160104;90,10;Af;Benzine
20160105;85,90;Af;Naar spaarrekening
20160106;15,25;Af;Uit eten
20160108;2,04;Af;Uit eten
20160111;27,38;Af;Boodschappen
20160113;38,27;Af;Entertainment
20160115;19,68;Af;Uit eten
20160117;94,14;Af;Uit eten
20160119;26,03;Af;Huur
20160120;22,23;Af;Benzine
20160124;25,42;Af;Boodschappen
20160125;178,38;Af;Kleding
20160128;6,85;Af;Kleding
20160130;60,54;Af;Entertainment
20160131;465,90;Af;Belegging
20160201;2.009,18;Bij;Salaris maand
20160202;34,26;Af;Boodschappen
20160203;130,96;Af;Uit eten
20160204;67,80;Af;Benzine
20160205;43,97;Af;Entertainment
20160207;21,79;Af;Huur
20160208;143,10;Af;Benzine
20160210;18,66;Af;Entertainment
20160214;72,53;Af;Boodschappen
20160215;5,27;Af;Uit eten
20160217;83,68;Af;Boodschappen
20160219;15,05;Af;Entertainment
20160220;43,00;Af;Uit eten
20160221;113,18;Af;Boodschappen
20160222;1,14;Af;Uit eten
20160224;13,30;Af;Huur
20160225;69,88;Af;Boodschappen
20160226;22,39;Af;Benzine
20160227;33,38;Af;Benzine
20160228;28,69;Af;Boodschappen
20160301;1.877,75;Bij;Salaris maand
20160301;100,79;Af;Benzine
20160302;197,06;Bij;Van spaarrekening
20160303;25,72;Af;Boodschappen
20160305;57,24;Af;Benzine
20160307;142,85;Af;Entertainment
20160308;134,11;Af;Naar spaarrekening
20160309;19,15;Af;Kleding
20160310;43,93;Af;Kleding
20160311;69,64;Af;Kleding
20160311;328,63;Af;Belegging
20160312;98,12;Af;Uit eten
20160318;85,02;Af;Huur
20160319;214,43;Af;Benzine
20160320;119,64;Af;Kleding
20160322;7,86;Af;Entertainment
20160324;101,26;Af;Entertainment
20160325;73,43;Af;Boodschappen
20160327;12,05;Af;Huur
20160328;29,41;Af;Boodschappen
20160329;73,80;Af;Entertainment
20160330;40,50;Af;Benzine
20160331;26,51;Af;Uit eten
20160401;2.033,93;Bij;Salaris maand
20160401;49,76;Af;Uit eten
20160402;44,63;Af;Uit eten
20160403;102,83;Af;Naar spaarrekening
20160404;26,46;Af;Boodschappen
20160405;117,08;Af;Naar spaarrekening
20160405;146,04;Af;Belegging
20160406;16,78;Af;Huur
20160407;64,74;Af;Entertainment
20160409;426,98;Bij;Vergoeding of gift
20160410;22,58;Af;Benzine
20160411;32,59;Af;Kleding
20160413;88,60;Af;Huur
20160414;24,92;Af;Boodschappen
20160415;62,88;Af;Entertainment
20160416;157,22;Af;Naar spaarrekening
20160418;276,17;Af;Belegging
20160419;47,89;Af;Benzine
20160422;40,85;Af;Kleding
20160423;35,35;Af;Benzine
20160429;176,16;Af;Entertainment
20160430;83,04;Af;Naar spaarrekening
20160501;1.896,01;Bij;Salaris maand
20160502;51,49;Af;Kleding
20160503;5,63;Af;Entertainment
20160504;78,75;Af;Uit eten
20160505;83,66;Af;Boodschappen
20160506;4,21;Af;Entertainment
20160509;88,19;Af;Kleding
20160511;109,00;Af;Uit eten
20160512;46,71;Af;Uit eten
20160514;28,21;Af;Kleding
20160515;35,19;Af;Entertainment
20160516;97,78;Af;Boodschappen
20160518;1,60;Af;Huur
20160519;571,04;Bij;Vergoeding of gift
20160520;4,84;Af;Entertainment
20160523;4,36;Af;Benzine
20160524;15,62;Af;Uit eten
20160525;2,15;Af;Boodschappen
20160525;287,20;Af;Belegging
20160526;3,40;Af;Entertainment
20160527;71,67;Af;Uit eten
20160528;2,86;Af;Uit eten
20160601;1.897,27;Bij;Salaris maand
20160602;63,42;Af;Benzine
20160607;102,57;Af;Boodschappen
20160609;15,53;Af;Benzine
20160612;317,10;Af;Belegging
20160614;26,09;Af;Kleding
20160614;219,99;Af;Belegging
20160615;39,04;Af;Boodschappen
20160616;41,61;Af;Uit eten
20160616;184,79;Af;Belegging
20160617;35,09;Af;Benzine
20160618;30,90;Af;Entertainment
20160619;20,26;Af;Entertainment
20160622;97,36;Af;Huur
20160623;91,06;Af;Uit eten
20160625;40,89;Af;Benzine
20160626;60,76;Af;Benzine
20160629;234,65;Af;Kleding
20160630;15,91;Af;Benzine
20160701;1.927,65;Bij;Salaris maand
20160701;54,48;Af;Entertainment
20160702;22,67;Af;Entertainment
20160705;127,57;Af;Huur
20160706;33,37;Af;Boodschappen
20160707;11,70;Af;Boodschappen
20160708;9,22;Af;Entertainment
20160709;173,37;Af;Naar spaarrekening
20160710;108,49;Af;Uit eten
20160712;0,26;Af;Kleding
20160713;170,71;Af;Naar spaarrekening
20160714;3,74;Af;Kleding
20160715;54,86;Af;Benzine
20160717;5,05;Af;Boodschappen
20160719;30,29;Af;Uit eten
20160724;7,39;Af;Boodschappen
20160726;131,46;Af;Benzine
20160727;120,52;Af;Kleding
20160730;15,66;Af;Entertainment
20160731;17,17;Af;Benzine
20160801;2.098,83;Bij;Salaris maand
20160802;68,76;Af;Boodschappen
20160803;42,84;Af;Huur
20160804;1,77;Af;Benzine
20160805;113,42;Af;Kleding
20160806;49,25;Af;Benzine
20160807;4,49;Af;Kleding
20160809;18,24;Af;Entertainment
20160813;60,38;Af;Boodschappen
20160816;498,36;Bij;Vergoeding of gift
20160816;9,01;Af;Kleding
20160817;4,85;Af;Huur
20160818;43,08;Af;Kleding
20160820;115,91;Af;Kleding
20160821;5,52;Af;Entertainment
20160822;29,20;Af;Kleding
20160823;120,21;Af;Kleding
20160824;4,42;Af;Huur
20160825;85,25;Af;Uit eten
20160829;22,90;Af;Boodschappen
20160831;3,70;Af;Kleding
20160901;2.086,86;Bij;Salaris maand
20160901;71,80;Af;Naar spaarrekening
20160902;21,72;Af;Huur
20160904;18,29;Af;Huur
20160905;59,93;Af;Huur
20160906;90,71;Af;Uit eten
20160907;222,30;Af;Belegging
20160910;163,78;Af;Naar spaarrekening
20160911;55,45;Af;Huur
20160912;129,19;Af;Naar spaarrekening
20160913;109,32;Af;Uit eten
20160915;30,96;Af;Entertainment
20160917;44,93;Af;Boodschappen
20160922;49,54;Af;Uit eten
20160927;39,95;Af;Uit eten
20160930;40,64;Af;Huur
20160930;89,21;Bij;Van spaarrekening
20161001;1.881,54;Bij;Salaris maand
20161002;74,91;Af;Benzine
20161003;256,05;Af;Belegging
20161006;9,40;Af;Entertainment
20161008;31,34;Af;Entertainment
20161009;25,71;Af;Entertainment
20161009;125,16;Af;Belegging
20161011;87,61;Af;Boodschappen
20161012;34,35;Af;Boodschappen
20161013;55,03;Af;Entertainment
20161016;37,19;Af;Boodschappen
20161017;5,22;Af;Huur
20161018;14,37;Af;Huur
20161022;41,71;Af;Uit eten
20161023;7,79;Af;Boodschappen
20161024;71,10;Af;Entertainment
20161026;10,65;Af;Uit eten
20161027;8,77;Af;Kleding
20161029;0,31;Af;Benzine
20161030;33,78;Af;Boodschappen
20161031;98,21;Af;Kleding
20161101;2.112,92;Bij;Salaris maand
20161103;179,39;Af;Benzine
20161109;19,78;Af;Kleding
20161111;44,86;Af;Uit eten
20161112;51,76;Af;Benzine
20161113;4,46;Af;Benzine
20161118;55,88;Af;Naar spaarrekening
20161119;17,98;Af;Entertainment
20161122;73,86;Af;Boodschappen
20161124;110,48;Af;Naar spaarrekening
20161125;24,91;Af;Entertainment
20161126;60,60;Bij;Van spaarrekening
20161129;27,13;Af;Benzine
20161130;3,59;Af;Entertainment
20161201;1.924,66;Bij;Salaris maand
20161203;114,16;Af;Boodschappen
20161204;31,58;Af;Huur
20161205;52,30;Af;Uit eten
20161206;11,64;Af;Uit eten
20161208;106,44;Af;Uit eten
20161215;29,22;Af;Uit eten
20161217;40,96;Af;Huur
20161218;21,65;Af;Entertainment
20161219;1,91;Af;Uit eten
20161220;15,26;Af;Boodschappen
20161222;10,90;Af;Huur
20161223;1,36;Af;Huur
20161223;153,51;Af;Naar spaarrekening
20161224;47,82;Af;Boodschappen
20161225;99,14;Af;Boodschappen
20161229;27,37;Af;Huur
20161231;3,40;Af;Uit eten
20170101;1.895,64;Bij;Salaris maand
20170101;106,02;Af;Naar spaarrekening
20170102;62,33;Af;Boodschappen
20170104;32,46;Af;Huur
20170106;424,11;Bij;Vergoeding of gift
20170106;53,81;Af;Boodschappen
20170107;26,60;Af;Uit eten
20170108;3,51;Af;Entertainment
20170110;101,54;Af;Entertainment
20170116;125,02;Af;Boodschappen
20170117;1,62;Af;Huur
20170119;10,60;Af;Uit eten
20170119;112,79;Af;Naar spaarrekening
20170120;17,99;Af;Huur
20170121;10,69;Af;Entertainment
20170123;80,69;Af;Entertainment
20170125;25,88;Af;Entertainment
20170126;60,78;Af;Boodschappen
20170128;49,15;Af;Boodschappen
20170129;174,05;Bij;Van spaarrekening
20170130;439,98;Af;Belegging
20170201;2.000,64;Bij;Salaris maand
20170201;12,10;Af;Kleding
20170202;76,48;Af;Naar spaarrekening
20170203;34,19;Af;Huur
20170203;133,64;Bij;Van spaarrekening
20170208;124,21;Af;Uit eten
20170210;106,95;Af;Boodschappen
20170210;499,26;Af;Belegging
20170211;46,37;Af;Benzine
20170213;65,21;Af;Benzine
20170214;31,71;Af;Kleding
20170215;276,71;Af;Belegging
20170218;327,67;Af;Belegging
20170220;45,52;Af;Huur
20170222;20,28;Af;Boodschappen
20170223;86,37;Bij;Van spaarrekening
20170224;89,02;Af;Benzine
20170224;51,46;Bij;Van spaarrekening
20170226;8,13;Af;Kleding
20170227;291,79;Af;Entertainment
20170301;2.201,96;Bij;Salaris maand
20170301;143,51;Af;Benzine
20170302;15,00;Af;Kleding
20170304;0,24;Af;Huur
20170304;247,19;Af;Belegging
20170307;33,51;Af;Entertainment
20170308;32,62;Af;Kleding
20170309;14,62;Af;Benzine
20170309;437,62;Af;Belegging
20170311;4,45;Af;Benzine
20170313;52,58;Af;Benzine
20170314;22,63;Af;Kleding
20170317;15,74;Af;Uit eten
20170320;12,70;Af;Benzine
20170322;55,98;Af;Benzine
20170325;8,02;Af;Boodschappen
20170330;8,73;Af;Huur
20170401;1.954,23;Bij;Salaris maand
20170401;43,85;Af;Kleding
20170402;37,31;Af;Kleding
20170404;72,90;Af;Entertainment
20170405;153,19;Af;Kleding
20170408;15,88;Af;Kleding
20170408;356,48;Af;Belegging
20170410;119,20;Af;Belegging
20170415;1,87;Af;Kleding
20170416;26,10;Af;Boodschappen
20170418;32,78;Af;Benzine
20170419;10,81;Af;Kleding
20170423;17,75;Af;Kleding
20170426;97,32;Af;Entertainment
20170427;1,19;Af;Benzine
20170430;11,56;Af;Uit eten
20170501;1.930,77;Bij;Salaris maand
20170507;52,86;Af;Uit eten
20170510;86,91;Af;Huur
20170511;50,02;Af;Boodschappen
20170512;12,86;Af;Huur
20170513;78,14;Af;Uit eten
20170514;38,04;Af;Benzine
20170517;2,75;Af;Uit eten
20170518;113,88;Af;Benzine
20170520;3,50;Af;Huur
20170522;28,74;Af;Entertainment
20170523;30,13;Af;Entertainment
20170527;25,77;Af;Uit eten
20170527;324,27;Af;Belegging
20170530;22,31;Af;Entertainment
20170601;1.996,05;Bij;Salaris maand
20170601;38,17;Af;Uit eten
20170602;44,16;Af;Uit eten
20170603;20,26;Af;Boodschappen
20170604;100,25;Af;Kleding
20170606;7,98;Af;Boodschappen
20170607;44,41;Af;Entertainment
20170610;25,70;Af;Benzine
20170611;2,98;Af;Huur
20170612;31,95;Af;Boodschappen
20170613;10,33;Af;Uit eten
20170614;20,82;Af;Boodschappen
20170615;20,57;Af;Uit eten
20170616;23,94;Af;Uit eten
20170617;15,62;Af;Kleding
20170619;12,37;Af;Boodschappen
20170621;6,77;Af;Boodschappen
20170623;43,46;Af;Huur
20170624;44,77;Af;Kleding
20170627;13,67;Af;Benzine
20170628;81,60;Af;Benzine
20170629;134,68;Af;Huur
20170629;242,26;Af;Belegging
20170630;168,43;Af;Entertainment
20170701;2.033,20;Bij;Salaris maand
20170701;31,48;Af;Kleding
20170705;13,25;Af;Huur
20170706;11,90;Af;Benzine
20170710;56,96;Af;Uit eten
20170713;13,09;Af;Benzine
20170715;18,62;Af;Uit eten
20170716;53,98;Af;Boodschappen
20170718;21,26;Af;Kleding
20170718;80,20;Bij;Van spaarrekening
20170719;40,51;Af;Entertainment
20170720;294,36;Af;Belegging
20170723;329,32;Af;Boodschappen
20170725;209,48;Af;Entertainment
20170726;90,37;Af;Huur
20170728;7,47;Af;Boodschappen
20170729;12,30;Af;Kleding
20170731;44,00;Af;Huur
20170801;1.920,45;Bij;Salaris maand
20170801;62,56;Af;Kleding
20170803;4,24;Af;Uit eten
20170806;123,27;Af;Huur
20170807;49,58;Af;Benzine
20170807;473,61;Af;Belegging
20170808;11,78;Af;Boodschappen
20170809;22,74;Af;Entertainment
20170811;27,13;Af;Boodschappen
20170812;485,41;Bij;Vergoeding of gift
20170812;40,12;Af;Huur
20170813;4,84;Af;Boodschappen
20170815;28,58;Af;Entertainment
20170816;56,48;Af;Entertainment
20170817;53,26;Af;Entertainment
20170818;25,57;Af;Boodschappen
20170822;51,09;Af;Entertainment
20170830;393,26;Af;Huur
20170901;1.751,89;Bij;Salaris maand
20170901;110,20;Af;Kleding
20170902;23,63;Af;Boodschappen
20170903;50,13;Af;Benzine
20170908;81,71;Af;Huur
20170909;176,03;Af;Kleding
20170911;50,25;Af;Benzine
20170912;101,20;Af;Boodschappen
20170915;95,00;Af;Benzine
20170917;23,38;Af;Uit eten
20170918;250,96;Af;Boodschappen
20170919;7,34;Af;Entertainment
20170920;54,30;Af;Benzine
20170920;120,40;Af;Naar spaarrekening
20170921;26,11;Af;Huur
20170925;76,56;Af;Naar spaarrekening
20170926;10,21;Af;Entertainment
20171001;1.982,82;Bij;Salaris maand
20171001;58,10;Af;Kleding
20171004;24,90;Af;Uit eten
20171007;24,21;Af;Kleding
20171008;453,35;Bij;Vergoeding of gift
20171008;62,79;Af;Uit eten
20171010;16,81;Af;Kleding
20171012;433,95;Af;Belegging
20171013;43,99;Af;Kleding
20171015;9,40;Af;Boodschappen
20171016;3,29;Af;Entertainment
20171017;63,71;Af;Boodschappen
20171018;15,45;Af;Benzine
20171019;6,02;Af;Kleding
20171020;4,72;Af;Huur
20171021;13,37;Af;Kleding
20171022;70,22;Af;Kleding
20171023;88,30;Af;Entertainment
20171025;36,60;Af;Kleding
20171026;15,22;Af;Entertainment
20171026;152,59;Af;Belegging
20171027;18,37;Af;Boodschappen
20171029;5,34;Af;Kleding
20171030;114,77;Af;Entertainment
20171030;57,45;Af;Naar spaarrekening
20171031;27,42;Af;Boodschappen
20171101;2.030,96;Bij;Salaris maand
20171101;59,70;Af;Boodschappen
20171104;24,06;Af;Huur
20171105;39,83;Af;Uit eten
20171106;18,02;Af;Kleding
20171109;38,40;Af;Entertainment
20171110;23,17;Af;Entertainment
20171111;89,56;Af;Huur
20171111;179,69;Af;Belegging
20171112;111,23;Af;Boodschappen
20171113;45,08;Af;Benzine
20171115;1,98;Af;Benzine
20171117;50,49;Af;Entertainment
20171119;2,34;Af;Kleding
20171119;133,67;Af;Naar spaarrekening
20171124;15,80;Af;Boodschappen
20171125;11,53;Af;Benzine
20171127;47,79;Af;Benzine
20171129;15,76;Af;Uit eten
20171130;32,82;Af;Entertainment
20171130;372,67;Af;Belegging
20171201;2.055,82;Bij;Salaris maand
20171201;4,35;Af;Huur
20171202;11,05;Af;Entertainment
20171203;16,78;Af;Huur
20171204;2,40;Af;Benzine
20171205;159,99;Bij;Van spaarrekening
20171208;42,17;Af;Benzine
20171208;169,56;Af;Naar spaarrekening
20171209;43,25;Af;Kleding
20171209;137,95;Bij;Van spaarrekening
20171210;0,56;Af;Kleding
20171212;22,33;Af;Entertainment
20171213;395,75;Af;Belegging
20171215;78,09;Af;Uit eten
20171215;193,90;Af;Belegging
20171220;70,65;Af;Benzine
20171222;14,48;Af;Benzine
20171223;51,01;Af;Uit eten
20171227;30,97;Af;Benzine
20171229;217,73;Af;Benzine
20171230;45,36;Af;Huur
20171231;71,73;Af;Benzine
20180101;2.032,63;Bij;Salaris maand
20180101;18,90;Af;Entertainment
20180102;57,80;Af;Huur
20180104;68,73;Af;Boodschappen
20180104;181,24;Bij;Van spaarrekening
20180106;57,51;Af;Boodschappen
20180107;8,09;Af;Entertainment
20180111;31,15;Af;Kleding
20180112;74,45;Af;Uit eten
20180113;190,31;Bij;Van spaarrekening
20180114;6,85;Af;Uit eten
20180116;2,21;Af;Kleding
20180116;73,43;Af;Naar spaarrekening
20180117;37,57;Af;Huur
20180118;427,19;Bij;Vergoeding of gift
20180119;3,01;Af;Huur
20180120;68,30;Af;Kleding
20180122;17,14;Af;Uit eten
20180127;25,23;Af;Boodschappen
20180127;315,49;Af;Belegging
20180201;1.854,82;Bij;Salaris maand
20180201;291,39;Bij;Vergoeding of gift
20180201;52,30;Af;Benzine
20180203;86,43;Af;Naar spaarrekening
20180204;84,18;Af;Boodschappen
20180208;6,47;Af;Uit eten
20180209;111,46;Af;Benzine
20180210;0,39;Af;Boodschappen
20180211;28,46;Af;Entertainment
20180213;53,24;Af;Boodschappen
20180215;127,82;Af;Naar spaarrekening
20180216;36,00;Af;Entertainment
20180217;42,02;Af;Huur
20180220;472,15;Bij;Vergoeding of gift
20180220;3,77;Af;Huur
20180221;87,86;Af;Benzine
20180223;17,51;Af;Boodschappen
20180225;42,39;Af;Uit eten
20180227;58,14;Af;Uit eten
20180228;143,52;Af;Huur
20180301;1.951,98;Bij;Salaris maand
20180304;35,65;Af;Huur
20180305;6,65;Af;Uit eten
20180307;83,06;Af;Uit eten
20180309;14,03;Af;Huur
20180310;52,41;Af;Benzine
20180312;32,54;Af;Entertainment
20180318;8,29;Af;Kleding
20180320;84,53;Af;Huur
20180322;302,30;Af;Huur
20180323;16,62;Af;Benzine
20180324;235,54;Af;Benzine
20180324;228,78;Af;Belegging
20180328;1,95;Af;Uit eten
20180330;36,44;Af;Entertainment
20180331;30,20;Af;Benzine
20180401;1.984,19;Bij;Salaris maand
20180401;43,93;Af;Entertainment
20180402;7,82;Af;Uit eten
20180403;262,92;Af;Belegging
20180407;170,86;Af;Belegging
20180409;33,63;Af;Benzine
20180410;33,41;Af;Kleding
20180411;33,09;Af;Uit eten
20180413;73,68;Af;Kleding
20180415;94,99;Af;Benzine
20180416;81,79;Af;Huur
20180417;23,03;Af;Entertainment
20180418;303,66;Af;Kleding
20180419;20,23;Af;Huur
20180420;20,67;Af;Benzine
20180423;4,48;Af;Benzine
20180428;42,29;Af;Entertainment
20180428;464,21;Af;Belegging
20180429;5,80;Af;Huur
20180430;6,03;Af;Uit eten
20180501;1.961,39;Bij;Salaris maand
20180504;260,31;Af;Uit eten
20180506;36,46;Af;Kleding
20180508;11,74;Af;Entertainment
20180509;33,03;Af;Boodschappen
20180510;21,39;Af;Huur
20180511;0,45;Af;Huur
20180514;41,10;Af;Boodschappen
20180514;206,81;Af;Belegging
20180516;0,05;Af;Kleding
20180516;299,65;Af;Belegging
20180517;82,18;Af;Entertainment
20180518;76,05;Af;Kleding
20180520;1,78;Af;Entertainment
20180521;87,90;Af;Kleding
20180522;152,60;Af;Huur
20180523;18,68;Af;Benzine
20180524;79,89;Af;Uit eten
20180525;110,36;Af;Benzine
20180526;61,90;Bij;Van spaarrekening
20180530;50,00;Af;Uit eten
20180601;1.989,04;Bij;Salaris maand
20180605;28,72;Af;Entertainment
20180607;11,24;Af;Entertainment
20180610;46,70;Af;Kleding
20180611;97,57;Af;Uit eten
20180612;56,91;Af;Huur
20180613;2,69;Af;Kleding
20180614;4,98;Af;Kleding
20180614;103,63;Af;Naar spaarrekening
20180615;96,54;Af;Boodschappen
20180618;182,74;Af;Naar spaarrekening
20180622;87,50;Af;Boodschappen
20180623;79,11;Af;Benzine
20180624;9,46;Af;Uit eten
20180625;127,87;Af;Naar spaarrekening
20180626;64,88;Af;Uit eten
20180627;110,84;Bij;Van spaarrekening
20180701;2.243,65;Bij;Salaris maand
20180702;89,78;Af;Boodschappen
20180704;339,45;Af;Belegging
20180706;2,33;Af;Huur
20180707;76,07;Af;Entertainment
20180708;144,62;Af;Naar spaarrekening
20180709;4,11;Af;Huur
20180712;163,18;Af;Uit eten
20180713;236,31;Af;Belegging
20180715;67,68;Af;Boodschappen
20180716;68,86;Af;Kleding
20180717;31,46;Af;Kleding
20180718;13,52;Af;Uit eten
20180720;23,03;Af;Huur
20180721;47,37;Af;Uit eten
20180723;146,38;Af;Benzine
20180723;252,70;Af;Belegging
20180724;88,69;Af;Boodschappen
20180801;1.958,12;Bij;Salaris maand
20180801;79,63;Af;Uit eten
20180803;28,37;Af;Huur
20180806;39,12;Af;Kleding
20180809;3,08;Af;Kleding
20180810;10,77;Af;Boodschappen
20180811;34,02;Af;Uit eten
20180812;44,23;Af;Benzine
20180815;80,70;Af;Uit eten
20180816;10,67;Af;Huur
20180817;48,44;Af;Uit eten
20180820;39,32;Af;Entertainment
20180822;285,58;Af;Belegging
20180824;9,71;Af;Uit eten
20180825;28,74;Af;Kleding
20180827;32,64;Af;Boodschappen
20180828;32,03;Af;Entertainment
20180829;75,33;Af;Uit eten
20180831;69,18;Af;Entertainment
20180901;2.225,14;Bij;Salaris maand
20180901;17,94;Af;Huur
20180906;12,25;Af;Boodschappen
20180908;5,86;Af;Boodschappen
20180909;102,02;Af;Huur
20180911;103,06;Bij;Van spaarrekening
20180912;12,32;Af;Entertainment
20180913;18,91;Af;Entertainment
20180916;13,34;Af;Boodschappen
20180918;60,27;Af;Uit eten
20180921;50,72;Af;Boodschappen
20180922;52,29;Af;Kleding
20180922;119,88;Af;Naar spaarrekening
20180923;13,79;Af;Entertainment
20180924;19,92;Af;Boodschappen
20180925;41,89;Af;Kleding
20180927;378,44;Af;Belegging
20180928;6,69;Af;Entertainment
20180930;40,12;Af;Boodschappen
20181001;2.090,83;Bij;Salaris maand
20181002;167,82;Af;Kleding
20181003;16,18;Af;Boodschappen
20181008;100,14;Af;Naar spaarrekening
20181010;54,21;Af;Entertainment
20181010;121,99;Af;Naar spaarrekening
20181011;20,31;Af;Entertainment
20181018;70,73;Af;Benzine
20181020;60,31;Af;Kleding
20181021;17,26;Af;Kleding
20181022;26,92;Af;Huur
20181023;27,21;Af;Entertainment
20181024;2,92;Af;Entertainment
20181025;24,98;Af;Entertainment
20181027;625,01;Bij;Vergoeding of gift
20181029;393,68;Bij;Vergoeding of gift
20181029;128,51;Af;Entertainment
20181101;1.978,73;Bij;Salaris maand
20181104;49,96;Af;Benzine
20181105;147,63;Bij;Van spaarrekening
20181107;14,84;Af;Benzine
20181109;9,20;Af;Kleding
20181110;27,57;Af;Kleding
20181112;37,97;Af;Entertainment
20181113;0,07;Af;Uit eten
20181114;107,03;Af;Boodschappen
20181121;87,76;Af;Uit eten
20181122;102,31;Af;Uit eten
20181123;235,63;Af;Huur
20181123;141,18;Bij;Van spaarrekening
20181126;55,17;Af;Kleding
20181128;34,00;Af;Boodschappen
20181129;30,22;Af;Entertainment
20181130;15,94;Af;Boodschappen
20181201;2.028,96;Bij;Salaris maand
20181203;161,99;Af;Naar spaarrekening
20181204;111,55;Af;Belegging
20181206;10,38;Af;Uit eten
20181207;8,85;Af;Huur
20181208;42,44;Af;Huur
20181209;28,96;Af;Boodschappen
20181210;72,49;Af;Uit eten
20181213;5,62;Af;Benzine
20181218;20,29;Af;Benzine
20181219;31,70;Af;Benzine
20181221;147,18;Af;Kleding
20181223;4,35;Af;Entertainment
20181224;125,25;Af;Boodschappen
20181225;29,92;Af;Huur
20181226;29,21;Af;Uit eten
20181227;52,41;Af;Huur
20181228;13,91;Af;Entertainment
20181229;130,36;Af;Entertainment
20181231;178,74;Af;Entertainment
20190101;2.199,88;Bij;Salaris maand
20190104;1,08;Af;Benzine
20190106;16,44;Af;Boodschappen
20190107;19,92;Af;Kleding
20190109;57,97;Af;Kleding
20190112;80,36;Af;Entertainment
20190114;15,41;Af;Benzine
20190117;16,59;Af;Benzine
20190118;187,19;Af;Boodschappen
20190119;88,03;Af;Entertainment
20190120;114,08;Af;Uit eten
20190121;99,91;Af;Kleding
20190122;26,81;Af;Boodschappen
20190123;71,06;Af;Entertainment
20190124;123,65;Af;Entertainment
20190124;125,23;Af;Naar spaarrekening
20190127;102,20;Af;Uit eten
20190130;29,37;Af;Boodschappen
20190130;177,32;Af;Naar spaarrekening
20190201;1.892,60;Bij;Salaris maand
20190201;18,51;Af;Huur
20190203;19,14;Af;Kleding
20190204;59,46;Af;Boodschappen
20190205;80,04;Af;Huur
20190207;46,50;Af;Huur
20190209;5,37;Af;Kleding
20190212;47,46;Af;Kleding
20190213;38,76;Af;Huur
20190214;115,51;Af;Boodschappen
20190216;5,52;Af;Benzine
20190217;0,54;Af;Boodschappen
20190217;327,97;Af;Belegging
20190219;1,73;Af;Boodschappen
20190219;58,51;Bij;Van spaarrekening
20190221;47,17;Af;Entertainment
20190222;28,93;Af;Boodschappen
20190224;45,84;Af;Kleding
20190226;5,42;Af;Boodschappen
20190227;141,12;Af;Kleding
20190228;19,93;Af;Kleding
20190301;1.973,21;Bij;Salaris maand
20190302;52,91;Af;Huur
20190303;349,49;Bij;Vergoeding of gift
20190304;69,08;Af;Huur
20190306;23,59;Af;Kleding
20190306;144,92;Af;Naar spaarrekening
20190309;17,58;Af;Boodschappen
20190310;58,31;Af;Benzine
20190312;237,41;Af;Benzine
20190313;229,89;Af;Belegging
20190314;43,84;Af;Kleding
20190316;286,33;Af;Belegging
20190318;149,76;Af;Huur
20190318;150,89;Af;Naar spaarrekening
20190319;5,83;Af;Kleding
20190320;1,84;Af;Uit eten
20190320;174,70;Af;Naar spaarrekening
20190322;158,66;Af;Uit eten
20190328;25,72;Af;Entertainment
20190329;368,47;Bij;Vergoeding of gift
20190330;123,71;Af;Entertainment
20190331;4,03;Af;Huur
20190401;2.109,16;Bij;Salaris maand
20190401;73,35;Af;Kleding
20190403;78,43;Af;Boodschappen
20190407;28,91;Af;Entertainment
20190411;38,95;Af;Boodschappen
20190414;157,41;Af;Kleding
20190414;234,91;Af;Belegging
20190416;1,86;Af;Boodschappen
20190417;11,88;Af;Kleding
20190417;382,47;Af;Belegging
20190421;18,20;Af;Boodschappen
20190424;59,32;Af;Entertainment
20190425;1,71;Af;Benzine
20190426;26,41;Af;Uit eten
20190428;117,56;Af;Uit eten
20190430;6,12;Af;Boodschappen
20190430;331,18;Af;Belegging
20190501;2.051,53;Bij;Salaris maand
20190501;48,61;Af;Entertainment
20190504;61,34;Af;Kleding
20190509;34,51;Af;Benzine
20190512;41,69;Af;Entertainment
20190513;9,18;Af;Uit eten
20190514;24,28;Af;Huur
20190515;62,61;Af;Entertainment
20190516;4,30;Af;Kleding
20190517;48,10;Af;Entertainment
20190519;344,94;Af;Belegging
20190520;23,92;Af;Uit eten
20190522;45,38;Af;Huur
20190522;132,39;Af;Belegging
20190524;83,84;Af;Kleding
20190525;12,43;Af;Boodschappen
20190526;40,96;Af;Entertainment
20190526;63,02;Bij;Van spaarrekening
20190527;22,55;Af;Boodschappen
20190529;101,01;Af;Entertainment
20190601;2.016,84;Bij;Salaris maand
20190601;24,66;Af;Boodschappen
20190602;136,99;Af;Belegging
20190603;140,98;Af;Boodschappen
20190604;125,01;Af;Benzine
20190606;71,87;Af;Entertainment
20190607;161,32;Af;Naar spaarrekening
20190612;77,28;Af;Boodschappen
20190615;10,53;Af;Kleding
20190617;7,86;Af;Uit eten
20190619;64,53;Af;Huur
20190621;136,09;Af;Huur
20190622;6,00;Af;Huur
20190622;121,00;Af;Naar spaarrekening
20190624;6,26;Af;Uit eten
20190626;13,41;Af;Kleding
20190627;33,93;Af;Huur
20190629;0,76;Af;Huur
20190701;2.021,38;Bij;Salaris maand
20190701;43,66;Af;Benzine
20190702;17,97;Af;Kleding
20190704;36,29;Af;Boodschappen
20190705;15,91;Af;Uit eten
20190708;33,09;Af;Entertainment
20190716;7,44;Af;Boodschappen
20190718;159,34;Af;Benzine
20190719;7,38;Af;Entertainment
20190720;81,30;Af;Boodschappen
20190722;82,48;Af;Kleding
20190725;36,58;Af;Benzine
20190801;1.928,80;Bij;Salaris maand
20190801;31,12;Af;Entertainment
20190804;22,28;Af;Entertainment
20190807;196,59;Bij;Van spaarrekening
20190808;18,44;Af;Entertainment
20190809;3,28;Af;Benzine
20190810;3,97;Af;Uit eten
20190811;7,73;Af;Uit eten
20190812;245,27;Af;Boodschappen
20190812;118,09;Af;Naar spaarrekening
20190820;85,65;Af;Huur
20190824;429,68;Af;Belegging
20190825;113,73;Af;Naar spaarrekening
20190826;174,43;Af;Naar spaarrekening
20190828;32,84;Af;Huur
20190829;25,05;Af;Benzine
20190830;10,97;Af;Huur
20190831;162,38;Af;Benzine
20190901;1.988,74;Bij;Salaris maand
20190901;2,58;Af;Boodschappen
20190902;21,59;Af;Entertainment
20190904;58,33;Af;Entertainment
20190906;10,89;Af;Huur
20190906;123,91;Af;Naar spaarrekening
20190910;20,26;Af;Entertainment
20190912;14,64;Af;Uit eten
20190913;11,01;Af;Boodschappen
20190914;102,48;Af;Entertainment
20190916;12,53;Af;Uit eten
20190917;61,70;Af;Huur
20190918;62,35;Af;Boodschappen
20190922;25,11;Af;Boodschappen
20190923;57,32;Af;Kleding
20190925;5,14;Af;Boodschappen
20190926;4,12;Af;Huur
20190927;11,94;Af;Entertainment
20190928;19,85;Af;Uit eten
20190930;3,41;Af;Boodschappen
20191001;2.003,95;Bij;Salaris maand
20191004;121,17;Af;Naar spaarrekening
20191005;90,05;Af;Uit eten
20191006;129,27;Af;Uit eten
20191010;22,24;Af;Huur
20191013;242,36;Af;Benzine
20191014;14,28;Af;Entertainment
20191015;103,97;Af;Kleding
20191017;33,78;Af;Boodschappen
20191021;22,05;Af;Benzine
20191022;13,72;Af;Huur
20191023;389,78;Af;Belegging
20191024;9,64;Af;Boodschappen
20191025;1,54;Af;Benzine
20191026;17,46;Af;Huur
20191028;36,59;Af;Kleding
20191029;3,36;Af;Uit eten
20191031;530,25;Bij;Vergoeding of gift
20191101;1.963,17;Bij;Salaris maand
20191103;19,08;Af;Benzine
20191105;581,00;Bij;Vergoeding of gift
20191107;97,14;Af;Uit eten
20191108;12,75;Af;Boodschappen
20191109;78,45;Af;Kleding
20191109;118,62;Af;Belegging
20191111;68,09;Af;Naar spaarrekening
20191114;71,72;Af;Entertainment
20191115;24,39;Af;Uit eten
20191116;38,27;Af;Kleding
20191118;41,26;Af;Benzine
20191120;45,04;Af;Huur
20191122;11,66;Af;Entertainment
20191123;102,97;Af;Kleding
20191128;113,02;Af;Benzine
20191129;68,61;Af;Boodschappen
20191201;1.940,63;Bij;Salaris maand
20191201;255,21;Af;Benzine
20191203;49,95;Af;Boodschappen
20191204;19,88;Af;Boodschappen
20191204;437,70;Af;Belegging
20191205;101,54;Af;Huur
20191211;9,12;Af;Entertainment
20191214;24,57;Af;Benzine
20191216;39,30;Af;Huur
20191218;82,11;Af;Entertainment
20191219;92,89;Af;Uit eten
20191220;11,09;Af;Boodschappen
20191223;17,76;Af;Entertainment
20191224;41,25;Af;Huur
20191225;29,99;Af;Boodschappen
20191227;66,54;Af;Entertainment
20191229;6,66;Af;Benzine
20191229;348,21;Af;Belegging
20191231;186,78;Af;Naar spaarrekening
20200101;1.989,48;Bij;Salaris maand
20200103;46,07;Af;Kleding
20200105;16,84;Af;Uit eten
20200106;101,39;Af;Uit eten
20200107;12,27;Af;Benzine
20200109;49,47;Af;Boodschappen
20200113;145,07;Af;Boodschappen
20200116;182,45;Af;Belegging
20200117;60,34;Af;Benzine
20200124;112,28;Af;Naar spaarrekening
20200128;37,64;Af;Entertainment
20200129;22,22;Af;Entertainment
20200130;82,07;Af;Benzine
20200131;87,56;Af;Huur
20200131;166,02;Af;Naar spaarrekening
20200201;2.048,02;Bij;Salaris maand
20200201;76,75;Af;Kleding
20200202;0,65;Af;Kleding
20200204;31,38;Af;Kleding
20200204;102,72;Af;Naar spaarrekening
20200205;114,72;Af;Entertainment
20200206;46,63;Af;Entertainment
20200207;91,14;Af;Kleding
20200208;66,33;Af;Kleding
20200209;0,19;Af;Benzine
20200212;0,34;Af;Entertainment
20200213;17,44;Af;Huur
20200214;15,52;Af;Kleding
20200219;31,88;Af;Benzine
20200220;9,50;Af;Kleding
20200221;432,92;Bij;Vergoeding of gift
20200222;8,45;Af;Entertainment
20200223;23,06;Af;Uit eten
20200226;35,34;Af;Huur
20200229;76,32;Af;Naar spaarrekening
20200301;2.126,13;Bij;Salaris maand
20200307;1,95;Af;Entertainment
20200308;30,39;Af;Kleding
20200308;74,10;Af;Naar spaarrekening
20200309;269,80;Af;Belegging
20200310;52,71;Af;Entertainment
20200312;1,30;Af;Uit eten
20200315;20,92;Af;Boodschappen
20200317;97,91;Af;Boodschappen
20200318;74,99;Af;Kleding
20200320;147,72;Af;Kleding
20200321;90,26;Af;Huur
20200322;22,48;Af;Benzine
20200324;81,77;Af;Benzine
20200326;86,66;Af;Benzine
20200327;35,65;Af;Kleding
20200329;98,02;Af;Boodschappen
20200331;28,02;Af;Boodschappen
20200401;2.003,13;Bij;Salaris maand
20200404;47,65;Af;Benzine
20200406;8,41;Af;Uit eten
20200407;42,45;Af;Boodschappen
20200409;81,21;Af;Kleding
20200410;124,00;Af;Entertainment
20200411;154,30;Af;Naar spaarrekening
20200412;441,67;Af;Belegging
20200414;10,04;Af;Huur
20200416;10,00;Af;Kleding
20200417;37,12;Af;Benzine
20200418;162,81;Af;Huur
20200419;21,61;Af;Boodschappen
20200423;24,34;Af;Kleding
20200426;367,73;Bij;Vergoeding of gift
20200426;79,78;Af;Entertainment
20200426;165,68;Af;Naar spaarrekening
20200427;87,52;Af;Huur
20200428;19,89;Af;Uit eten
20200501;2.137,43;Bij;Salaris maand
20200504;487,85;Bij;Vergoeding of gift
20200504;16,09;Af;Benzine
20200505;16,78;Af;Uit eten
20200506;12,25;Af;Uit eten
20200507;66,14;Af;Benzine
20200508;36,77;Af;Entertainment
20200510;21,74;Af;Huur
20200511;20,15;Af;Boodschappen
20200514;56,87;Af;Uit eten
20200514;65,78;Af;Naar spaarrekening
20200515;82,45;Af;Boodschappen
20200517;41,29;Af;Kleding
20200518;22,96;Af;Kleding
20200519;18,93;Af;Entertainment
20200524;8,16;Af;Boodschappen
20200525;31,13;Af;Boodschappen
20200526;55,74;Af;Uit eten
20200528;73,24;Af;Huur
20200530;79,86;Af;Huur
20200531;40,77;Af;Entertainment
20200601;1.958,79;Bij;Salaris maand
20200601;121,08;Af;Benzine
20200602;51,92;Af;Kleding
20200604;31,25;Af;Kleding
20200606;20,75;Af;Kleding
20200607;34,68;Af;Benzine
20200608;17,29;Af;Uit eten
20200609;82,32;Af;Uit eten
20200612;124,73;Af;Benzine
20200617;13,21;Af;Kleding
20200618;106,45;Af;Benzine
20200619;47,21;Af;Huur
20200619;145,56;Af;Naar spaarrekening
20200623;302,64;Af;Kleding
20200623;99,75;Bij;Van spaarrekening
20200625;34,89;Af;Boodschappen
20200626;0,22;Af;Benzine
20200628;322,07;Af;Huur
20200701;2.120,73;Bij;Salaris maand
20200703;83,06;Af;Kleding
20200704;478,81;Af;Belegging
20200710;6,09;Af;Entertainment
20200711;7,25;Af;Kleding
20200717;15,51;Af;Benzine
20200718;44,79;Af;Benzine
20200719;17,39;Af;Kleding
20200719;390,25;Af;Belegging
20200721;266,90;Af;Belegging
20200722;18,10;Af;Huur
20200723;32,03;Af;Uit eten
20200724;2,23;Af;Kleding
20200726;52,88;Af;Uit eten
20200727;10,64;Af;Boodschappen
20200728;211,20;Af;Kleding
20200729;41,24;Af;Kleding
20200801;2.011,39;Bij;Salaris maand
20200801;16,80;Af;Benzine
20200806;119,08;Af;Uit eten
20200808;72,58;Af;Kleding
20200810;33,41;Af;Boodschappen
20200812;69,24;Af;Entertainment
20200813;69,18;Af;Kleding
20200814;55,40;Af;Benzine
20200815;14,59;Af;Kleding
20200818;11,15;Af;Benzine
20200820;98,43;Bij;Van spaarrekening
20200820;324,67;Af;Belegging
20200821;29,97;Af;Kleding
20200822;66,21;Af;Kleding
20200825;53,53;Af;Boodschappen
20200901;1.946,16;Bij;Salaris maand
20200902;524,59;Bij;Vergoeding of gift
20200902;42,95;Af;Boodschappen
20200904;4,71;Af;Benzine
20200905;78,03;Af;Benzine
20200911;34,84;Af;Entertainment
20200912;5,89;Af;Huur
20200914;48,81;Af;Entertainment
20200914;369,64;Af;Belegging
20200915;44,54;Af;Uit eten
20200917;15,83;Af;Huur
20200917;82,77;Bij;Van spaarrekening
20200920;30,52;Af;Uit eten
20200921;13,72;Af;Benzine
20200922;30,27;Af;Boodschappen
20200924;35,66;Af;Entertainment
20200925;124,02;Af;Benzine
20200926;90,66;Af;Boodschappen
20200927;80,51;Af;Huur
20200928;24,34;Af;Boodschappen
20200929;61,07;Af;Huur
20201001;1.832,69;Bij;Salaris maand
20201001;7,49;Af;Entertainment
20201002;104,12;Af;Naar spaarrekening
20201006;21,76;Af;Benzine
20201007;23,63;Af;Huur
20201010;37,34;Af;Kleding
20201012;54,68;Af;Uit eten
20201013;5,21;Af;Boodschappen
20201014;150,89;Af;Boodschappen
20201018;39,60;Af;Boodschappen
20201019;8,54;Af;Benzine
20201021;417,04;Bij;Vergoeding of gift
20201021;27,33;Af;Huur
20201021;155,67;Af;Naar spaarrekening
20201022;36,45;Af;Huur
20201022;288,23;Af;Belegging
20201023;135,39;Af;Kleding
20201024;21,88;Af;Benzine
20201028;43,13;Af;Entertainment
20201031;106,72;Af;Entertainment
20201101;1.914,43;Bij;Salaris maand
20201101;4,07;Af;Boodschappen
20201107;7,71;Af;Entertainment
20201108;5,03;Af;Entertainment
20201113;149,07;Af;Boodschappen
20201115;83,07;Af;Kleding
20201117;6,27;Af;Uit eten
20201118;132,64;Bij;Van spaarrekening
20201122;52,38;Af;Uit eten
20201123;69,31;Af;Uit eten
20201125;28,17;Af;Boodschappen
20201126;52,72;Af;Benzine
20201128;33,54;Af;Uit eten
20201129;80,80;Af;Kleding
20201201;2.120,17;Bij;Salaris maand
20201203;33,80;Af;Benzine
20201204;45,96;Af;Kleding
20201206;33,14;Af;Kleding
20201207;103,62;Af;Kleding
20201212;149,83;Af;Naar spaarrekening
20201213;239,38;Af;Belegging
20201215;3,45;Af;Kleding
20201217;42,61;Af;Entertainment
20201220;38,79;Af;Kleding
20201220;166,60;Af;Naar spaarrekening
20201221;14,96;Af;Benzine
20201222;114,53;Af;Benzine
20201223;23,14;Af;Entertainment
20201224;21,74;Af;Entertainment
20201226;41,87;Af;Boodschappen
20201227;23,28;Af;Benzine
20201231;26,93;Af;Boodschappen
20210101;2.009,93;Bij;Salaris maand
20210104;94,95;Af;Kleding
20210106;69,85;Af;Naar spaarrekening
20210107;30,71;Af;Uit eten
20210107;355,88;Af;Belegging
20210109;67,98;Af;Huur
20210109;174,71;Bij;Van spaarrekening
20210111;10,14;Af;Huur
20210113;62,55;Af;Huur
20210114;58,28;Af;Kleding
20210117;81,25;Af;Boodschappen
20210118;14,39;Af;Kleding
20210119;91,39;Af;Boodschappen
20210121;10,49;Af;Benzine
20210125;23,56;Af;Huur
20210125;359,10;Af;Belegging
20210126;9,06;Af;Benzine
20210127;0,22;Af;Boodschappen
20210127;196,06;Af;Belegging
20210130;5,86;Af;Benzine
20210131;26,22;Af;Kleding
20210201;2.022,07;Bij;Salaris maand
20210201;52,17;Af;Boodschappen
20210203;19,15;Af;Boodschappen
20210204;134,20;Af;Kleding
20210205;31,26;Af;Kleding
20210206;40,20;Af;Benzine
20210207;58,29;Af;Kleding
20210208;3,95;Af;Uit eten
20210210;44,42;Af;Uit eten
20210211;33,02;Af;Uit eten
20210212;16,76;Af;Kleding
20210212;129,66;Af;Naar spaarrekening
20210213;19,07;Af;Entertainment
20210214;83,67;Af;Entertainment
20210217;49,42;Af;Benzine
20210219;0,28;Af;Boodschappen
20210222;19,20;Af;Entertainment
20210223;180,81;Af;Benzine
20210228;53,19;Af;Boodschappen
20210301;2.165,02;Bij;Salaris maand
20210303;240,02;Af;Huur
20210303;253,96;Af;Belegging
20210304;17,80;Af;Kleding
20210307;10,06;Af;Uit eten
20210308;99,31;Bij;Van spaarrekening
20210309;7,27;Af;Kleding
20210311;38,39;Af;Kleding
20210312;447,89;Af;Belegging
20210313;11,54;Af;Uit eten
20210323;21,15;Af;Entertainment
20210324;138,20;Af;Naar spaarrekening
20210327;94,89;Af;Naar spaarrekening
20210327;321,05;Af;Belegging
20210328;5,37;Af;Uit eten
20210330;49,97;Af;Boodschappen
20210331;43,30;Af;Kleding
20210331;441,55;Af;Belegging
20210401;1.929,78;Bij;Salaris maand
20210401;0,80;Af;Entertainment
20210404;102,23;Bij;Van spaarrekening
20210410;95,84;Af;Kleding
20210410;50,26;Af;Naar spaarrekening
20210411;20,48;Af;Uit eten
20210413;44,58;Af;Huur
20210414;21,30;Af;Uit eten
20210415;127,04;Af;Naar spaarrekening
20210418;73,55;Af;Kleding
20210419;8,88;Af;Huur
20210420;11,08;Af;Benzine
20210421;22,16;Af;Benzine
20210422;222,20;Af;Entertainment
20210424;126,28;Af;Uit eten
20210425;70,83;Af;Benzine
20210426;125,72;Af;Entertainment
20210429;17,79;Af;Uit eten
20210430;6,39;Af;Uit eten
20210501;1.999,90;Bij;Salaris maand
20210501;7,45;Af;Uit eten
20210502;31,75;Af;Kleding
20210504;94,56;Af;Boodschappen
20210506;185,16;Af;Naar spaarrekening
20210507;49,07;Af;Boodschappen
20210508;4,13;Af;Kleding
20210510;75,38;Af;Entertainment
20210512;41,90;Af;Benzine
20210512;158,57;Bij;Van spaarrekening
20210513;7,47;Af;Boodschappen
20210515;16,28;Af;Kleding
20210517;32,44;Af;Benzine
20210518;89,28;Af;Entertainment
20210519;33,04;Af;Huur
20210521;17,64;Af;Boodschappen
20210522;52,93;Af;Kleding
20210523;93,35;Af;Huur
20210525;23,34;Af;Benzine
20210526;27,92;Af;Benzine
20210529;6,13;Af;Kleding
20210601;1.994,97;Bij;Salaris maand
20210601;4,47;Af;Uit eten
20210603;148,31;Af;Huur
20210606;80,38;Af;Boodschappen
20210607;252,74;Af;Belegging
20210608;156,58;Af;Naar spaarrekening
20210609;133,92;Af;Uit eten
20210610;0,71;Af;Huur
20210612;34,00;Af;Kleding
20210615;8,75;Af;Boodschappen
20210616;18,75;Af;Boodschappen
20210617;121,00;Af;Huur
20210618;22,12;Af;Benzine
20210619;118,48;Af;Kleding
20210621;199,77;Af;Boodschappen
20210627;19,09;Af;Boodschappen
20210629;2,44;Af;Kleding
20210630;27,53;Af;Huur
20210701;1.890,01;Bij;Salaris maand
20210701;318,12;Af;Belegging
20210702;89,40;Af;Naar spaarrekening
20210703;77,98;Af;Kleding
20210705;42,36;Af;Entertainment
20210707;16,72;Af;Kleding
20210708;15,37;Af;Uit eten
20210709;54,67;Af;Benzine
20210710;19,28;Af;Huur
20210710;163,04;Bij;Van spaarrekening
20210712;56,97;Af;Benzine
20210714;6,33;Af;Huur
20210716;3,75;Af;Uit eten
20210722;157,81;Af;Kleding
20210723;117,45;Af;Uit eten
20210724;105,09;Af;Huur
20210728;8,47;Af;Entertainment
20210729;84,73;Af;Kleding
20210730;31,51;Af;Huur
20210731;449,50;Af;Belegging
20210801;2.121,77;Bij;Salaris maand
20210802;43,06;Af;Entertainment
20210804;15,90;Af;Benzine
20210805;9,44;Af;Boodschappen
20210806;123,09;Af;Boodschappen
20210809;28,33;Af;Kleding
20210810;181,58;Af;Boodschappen
20210811;30,03;Af;Huur
20210812;78,64;Af;Naar spaarrekening
20210813;9,90;Af;Boodschappen
20210819;29,60;Af;Boodschappen
20210821;491,82;Bij;Vergoeding of gift
20210821;171,39;Af;Uit eten
20210821;152,25;Af;Naar spaarrekening
20210821;159,94;Af;Belegging
20210822;99,22;Af;Entertainment
20210826;9,88;Af;Uit eten
20210827;22,51;Af;Huur
20210830;26,00;Af;Boodschappen
20210901;2.005,60;Bij;Salaris maand
20210906;75,37;Af;Huur
20210908;28,46;Af;Kleding
20210909;7,02;Af;Boodschappen
20210910;5,39;Af;Huur
20210913;136,23;Af;Naar spaarrekening
20210914;0,63;Af;Entertainment
20210917;16,67;Af;Benzine
20210918;11,43;Af;Kleding
20210918;179,70;Af;Naar spaarrekening
20210920;14,22;Af;Uit eten
20210921;79,57;Af;Naar spaarrekening
20210923;5,85;Af;Uit eten
20210924;147,58;Af;Benzine
20210925;107,76;Af;Boodschappen
20210926;112,46;Af;Naar spaarrekening
20210927;0,88;Af;Boodschappen
20211001;2.159,44;Bij;Salaris maand
20211001;16,60;Af;Huur
20211003;11,37;Af;Kleding
20211003;84,87;Af;Naar spaarrekening
20211004;203,77;Af;Kleding
20211005;137,38;Af;Kleding
20211009;4,37;Af;Boodschappen
20211010;12,26;Af;Kleding
20211011;11,53;Af;Boodschappen
20211012;85,70;Af;Entertainment
20211013;153,11;Af;Benzine
20211017;6,92;Af;Huur
20211018;25,91;Af;Benzine
20211019;13,31;Af;Huur
20211021;415,11;Bij;Vergoeding of gift
20211025;467,16;Af;Belegging
20211027;3,93;Af;Boodschappen
20211027;166,40;Af;Naar spaarrekening
20211028;29,03;Af;Entertainment
20211031;36,07;Af;Kleding
20211101;2.013,41;Bij;Salaris maand
20211101;48,72;Af;Entertainment
20211103;129,14;Af;Boodschappen
20211106;40,57;Af;Uit eten
20211107;0,29;Af;Uit eten
20211108;32,86;Af;Benzine
20211110;53,97;Af;Kleding
20211111;24,39;Af;Boodschappen
20211113;7,96;Af;Boodschappen
20211115;91,32;Af;Entertainment
20211116;81,31;Af;Uit eten
20211118;9,62;Af;Huur
20211121;151,19;Af;Belegging
20211122;93,34;Af;Huur
20211123;450,94;Bij;Vergoeding of gift
20211123;426,12;Af;Belegging
20211124;62,72;Af;Uit eten
20211125;40,59;Af;Benzine
20211126;33,80;Af;Benzine
20211127;44,67;Af;Boodschappen
20211130;11,59;Af;Benzine
20211201;1.921,17;Bij;Salaris maand
20211201;58,84;Af;Naar spaarrekening
20211203;64,09;Af;Huur
20211204;25,66;Af;Kleding
20211206;48,89;Af;Benzine
20211206;157,02;Af;Naar spaarrekening
20211207;5,62;Af;Huur
20211208;53,22;Af;Entertainment
20211209;23,05;Af;Huur
20211210;151,93;Af;Uit eten
20211212;29,00;Af;Uit eten
20211213;51,54;Af;Entertainment
20211215;9,35;Af;Uit eten
20211217;204,67;Af;Belegging
20211218;12,50;Af;Entertainment
20211218;103,84;Bij;Van spaarrekening
20211221;24,70;Af;Uit eten
20211222;28,20;Af;Kleding
20211224;163,48;Af;Naar spaarrekening
20211225;26,78;Af;Huur
20211226;367,76;Bij;Vergoeding of gift
20211226;23,43;Af;Huur
20211228;22,97;Af;Benzine
20211230;43,25;Af;Boodschappen
20211231;22,90;Af;Benzine
20220101;2.058,23;Bij;Salaris maand
20220101;94,13;Af;Kleding
20220103;80,72;Af;Boodschappen
20220107;27,68;Af;Benzine
20220108;0,45;Af;Entertainment
20220110;175,75;Af;Belegging
20220112;61,50;Af;Uit eten
20220113;219,86;Af;Huur
20220115;61,32;Af;Kleding
20220118;22,33;Af;Uit eten
20220119;80,57;Af;Kleding
20220120;124,88;Af;Uit eten
20220122;25,75;Af;Huur
20220123;30,40;Af;Boodschappen
20220123;295,31;Af;Belegging
20220124;15,11;Af;Entertainment
20220128;23,83;Af;Entertainment
20220129;109,36;Bij;Van spaarrekening
20220130;114,55;Af;Entertainment
20220201;1.917,49;Bij;Salaris maand
20220201;85,73;Af;Kleding
20220207;28,80;Af;Entertainment
20220208;3,37;Af;Uit eten
20220210;320,73;Af;Belegging
20220211;17,04;Af;Benzine
20220212;13,35;Af;Uit eten
20220215;74,32;Af;Boodschappen
20220216;31,76;Af;Kleding
20220218;41,54;Af;Kleding
20220220;3,88;Af;Boodschappen
20220221;17,44;Af;Huur
20220222;3,72;Af;Boodschappen
20220224;124,11;Af;Huur
20220225;22,54;Af;Uit eten
20220226;25,14;Af;Entertainment
20220228;0,43;Af;Kleding
20220301;1.968,61;Bij;Salaris maand
20220303;54,55;Af;Huur
20220304;37,40;Af;Benzine
20220306;8,55;Af;Huur
20220307;10,97;Af;Kleding
20220308;76,31;Af;Huur
20220316;42,10;Af;Kleding
20220319;19,10;Af;Entertainment
20220320;6,50;Af;Uit eten
20220321;35,26;Af;Uit eten
20220322;137,93;Af;Huur
20220323;29,11;Af;Entertainment
20220324;106,20;Af;Benzine
20220327;62,24;Af;Kleding
20220331;40,71;Af;Boodschappen
20220401;1.940,94;Bij;Salaris maand
20220401;102,25;Af;Huur
20220405;66,10;Af;Uit eten
20220407;23,12;Af;Boodschappen
20220409;14,41;Af;Benzine
20220411;19,60;Af;Boodschappen
20220413;39,69;Af;Entertainment
20220415;36,20;Af;Kleding
20220417;60,59;Af;Entertainment
20220418;119,92;Af;Entertainment
20220420;62,58;Af;Boodschappen
20220420;121,41;Af;Naar spaarrekening
20220426;2,44;Af;Boodschappen
20220427;116,86;Af;Kleding
20220428;15,22;Af;Boodschappen
20220501;1.851,15;Bij;Salaris maand
20220502;15,25;Af;Uit eten
20220505;22,64;Af;Kleding
20220506;172,09;Af;Huur
20220507;7,66;Af;Entertainment
20220508;22,62;Af;Kleding
20220508;59,59;Af;Naar spaarrekening
20220511;31,83;Af;Benzine
20220515;103,36;Af;Entertainment
20220516;12,61;Af;Uit eten
20220516;475,20;Af;Belegging
20220517;47,20;Af;Entertainment
20220519;45,33;Af;Benzine
20220520;10,81;Af;Entertainment
20220521;32,19;Af;Kleding
20220522;14,81;Af;Entertainment
20220523;17,34;Af;Kleding
20220524;24,44;Af;Huur
20220526;29,44;Af;Huur
20220528;47,89;Af;Entertainment
20220601;2.014,90;Bij;Salaris maand
20220601;524,68;Bij;Vergoeding of gift
20220601;36,65;Af;Huur
20220603;131,52;Af;Benzine
20220604;53,38;Af;Boodschappen
20220606;13,94;Af;Kleding
20220606;186,89;Af;Naar spaarrekening
20220607;38,15;Af;Huur
20220609;18,60;Af;Uit eten
20220610;46,37;Af;Huur
20220611;29,18;Af;Uit eten
20220613;0,17;Af;Benzine
20220615;129,77;Af;Uit eten
20220619;139,04;Af;Belegging
20220621;11,11;Af;Huur
20220621;266,76;Af;Belegging
20220622;22,66;Af;Boodschappen
20220623;8,43;Af;Benzine
20220624;6,46;Af;Uit eten
20220627;111,28;Af;Boodschappen
20220628;1,65;Af;Kleding
20220628;161,87;Bij;Van spaarrekening
20220629;0,44;Af;Uit eten
20220629;135,84;Af;Naar spaarrekening
20220701;2.206,93;Bij;Salaris maand
20220701;39,33;Af;Uit eten
20220702;6,78;Af;Entertainment
20220704;108,40;Af;Boodschappen
20220705;46,17;Af;Huur
20220706;16,62;Af;Entertainment
20220707;59,40;Af;Boodschappen
20220708;12,15;Af;Uit eten
20220717;185,24;Bij;Van spaarrekening
20220719;4,54;Af;Uit eten
20220721;53,99;Af;Benzine
20220722;112,84;Af;Entertainment
20220723;23,34;Af;Benzine
20220724;76,13;Af;Uit eten
20220728;56,00;Af;Entertainment
20220731;62,71;Af;Benzine
20220801;2.102,69;Bij;Salaris maand
20220802;30,06;Af;Boodschappen
20220803;125,36;Af;Benzine
20220804;19,85;Af;Kleding
20220805;77,26;Af;Kleding
20220806;214,48;Af;Kleding
20220808;58,07;Af;Entertainment
20220809;33,84;Af;Benzine
20220810;155,08;Af;Entertainment
20220811;48,51;Af;Kleding
20220812;52,28;Af;Boodschappen
20220814;98,15;Af;Entertainment
20220815;49,56;Af;Benzine
20220816;13,68;Af;Boodschappen
20220817;1,45;Af;Benzine
20220819;6,99;Af;Entertainment
20220820;141,32;Af;Naar spaarrekening
20220822;66,71;Bij;Van spaarrekening
20220823;58,00;Af;Naar spaarrekening
20220826;185,88;Af;Huur
20220826;96,89;Af;Naar spaarrekening
20220827;41,46;Af;Kleding
20220830;217,15;Af;Uit eten
20220901;2.108,17;Bij;Salaris maand
20220902;96,21;Af;Benzine
20220903;69,46;Af;Kleding
20220904;36,53;Af;Boodschappen
20220906;30,30;Af;Kleding
20220906;138,64;Af;Naar spaarrekening
20220908;56,27;Af;Huur
20220909;51,25;Af;Huur
20220917;13,55;Af;Benzine
20220920;10,87;Af;Huur
20220921;82,93;Af;Huur
20220922;5,61;Af;Uit eten
20220922;105,99;Af;Naar spaarrekening
20220923;7,05;Af;Huur
20220923;91,94;Af;Naar spaarrekening
20220924;9,80;Af;Huur
20220925;194,96;Af;Boodschappen
20220926;97,85;Af;Uit eten
20220926;73,50;Bij;Van spaarrekening
20220927;93,02;Af;Huur
20220928;22,92;Af;Huur
20220929;9,48;Af;Entertainment
20220930;53,49;Af;Entertainment
20221001;1.991,08;Bij;Salaris maand
20221001;26,17;Af;Entertainment
20221003;40,64;Af;Benzine
20221005;16,61;Af;Kleding
20221005;92,74;Af;Naar spaarrekening
20221007;8,80;Af;Boodschappen
20221011;45,42;Af;Kleding
20221012;7,59;Af;Uit eten
20221014;45,19;Af;Entertainment
20221015;22,41;Af;Kleding
20221016;38,10;Af;Uit eten
20221017;8,02;Af;Uit eten
20221019;44,37;Af;Kleding
20221021;44,74;Af;Boodschappen
20221023;67,12;Af;Boodschappen
20221025;41,50;Af;Entertainment
20221028;154,87;Af;Kleding
20221029;18,50;Af;Benzine
20221101;2.084,80;Bij;Salaris maand
20221101;35,71;Af;Entertainment
20221106;579,48;Bij;Vergoeding of gift
20221106;144,91;Af;Uit eten
20221107;23,97;Af;Entertainment
20221108;11,96;Af;Boodschappen
20221110;15,01;Af;Kleding
20221111;39,11;Af;Benzine
20221113;5,51;Af;Boodschappen
20221116;66,62;Af;Naar spaarrekening
20221117;98,71;Af;Benzine
20221120;36,11;Af;Kleding
20221120;187,21;Af;Naar spaarrekening
20221121;103,70;Af;Boodschappen
20221123;197,20;Af;Uit eten
20221125;11,73;Af;Kleding
20221126;190,82;Af;Naar spaarrekening
20221201;2.080,12;Bij;Salaris maand
20221201;48,50;Af;Kleding
20221201;74,54;Bij;Van spaarrekening
20221203;0,64;Af;Kleding
20221206;20,49;Af;Uit eten
20221208;61,60;Af;Entertainment
20221209;132,30;Af;Huur
20221212;42,99;Af;Boodschappen
20221213;172,04;Af;Naar spaarrekening
20221214;56,13;Af;Huur
20221216;73,97;Af;Kleding
20221218;83,29;Af;Kleding
20221219;78,17;Af;Entertainment
20221220;29,80;Af;Uit eten
20221221;16,18;Af;Boodschappen
20221222;3,89;Af;Entertainment
20221223;29,01;Af;Entertainment
20221224;0,17;Af;Entertainment
20221225;28,40;Af;Huur
20221230;73,46;Af;Boodschappen
20230101;1.831,63;Bij;Salaris maand
20230102;19,86;Af;Kleding
20230104;64,74;Af;Huur
20230105;9,24;Af;Huur
20230106;44,55;Af;Entertainment
20230108;34,89;Af;Huur
20230109;87,72;Af;Boodschappen
20230110;37,29;Af;Boodschappen
20230112;8,04;Af;Entertainment
20230113;103,71;Af;Entertainment
20230113;133,72;Af;Naar spaarrekening
20230114;44,39;Af;Boodschappen
20230116;11,05;Af;Huur
20230121;1,95;Af;Benzine
20230122;6,10;Af;Uit eten
20230123;1,74;Af;Uit eten
20230124;21,66;Af;Uit eten
20230125;58,57;Af;Benzine
20230127;86,53;Af;Uit eten
20230128;64,00;Af;Boodschappen
20230130;47,69;Af;Benzine
20230131;8,60;Af;Huur
20230131;362,35;Af;Belegging
20230201;1.924,06;Bij;Salaris maand
20230201;68,88;Af;Entertainment
20230204;0,24;Af;Entertainment
20230206;25,49;Af;Boodschappen
20230209;61,74;Af;Entertainment
20230209;114,29;Af;Naar spaarrekening
20230210;0,36;Af;Benzine
20230211;6,95;Af;Benzine
20230212;24,09;Af;Entertainment
20230213;5,41;Af;Benzine
20230214;14,22;Af;Entertainment
20230215;32,76;Af;Benzine
20230219;18,25;Af;Huur
20230220;34,46;Af;Uit eten
20230221;30,36;Af;Huur
20230223;41,75;Af;Kleding
20230301;2.104,41;Bij;Salaris maand
20230301;149,23;Af;Entertainment
20230302;215,57;Af;Kleding
20230303;19,85;Af;Huur
20230304;4,01;Af;Boodschappen
20230305;72,60;Af;Boodschappen
20230306;68,48;Af;Boodschappen
20230306;181,83;Bij;Van spaarrekening
20230308;4,26;Af;Kleding
20230308;196,37;Bij;Van spaarrekening
20230309;4,61;Af;Kleding
20230310;49,79;Af;Uit eten
20230312;28,85;Af;Uit eten
20230318;192,95;Bij;Van spaarrekening
20230323;63,19;Af;Boodschappen
20230326;217,64;Af;Benzine
20230328;75,22;Af;Kleding
20230401;1.881,92;Bij;Salaris maand
20230402;14,24;Af;Uit eten
20230406;68,37;Af;Benzine
20230406;369,68;Af;Belegging
20230411;122,37;Af;Uit eten
20230412;82,14;Af;Boodschappen
20230415;23,02;Af;Uit eten
20230416;19,32;Af;Boodschappen
20230418;109,04;Af;Naar spaarrekening
20230419;208,58;Af;Huur
20230420;94,02;Af;Boodschappen
20230423;34,49;Af;Entertainment
20230424;3,09;Af;Boodschappen
20230427;8,03;Af;Benzine
20230428;72,71;Af;Entertainment
20230429;39,45;Af;Boodschappen
20230430;35,07;Af;Kleding
20230501;1.997,36;Bij;Salaris maand
20230501;371,25;Af;Belegging
20230502;34,99;Af;Benzine
20230504;25,02;Af;Uit eten
20230505;5,90;Af;Benzine
20230506;109,40;Af;Entertainment
20230508;91,84;Af;Kleding
20230509;23,07;Af;Benzine
20230510;40,45;Af;Entertainment
20230510;126,61;Af;Naar spaarrekening
20230511;23,85;Af;Entertainment
20230512;44,22;Af;Kleding
20230513;16,33;Af;Boodschappen
20230516;0,75;Af;Boodschappen
20230516;411,45;Af;Belegging
20230517;132,93;Af;Uit eten
20230521;128,14;Af;Entertainment
20230522;30,19;Af;Benzine
20230523;33,63;Af;Huur
20230524;156,13;Af;Naar spaarrekening
20230528;52,25;Af;Kleding
20230529;1,17;Af;Uit eten
20230531;9,50;Af;Boodschappen
20230601;2.086,40;Bij;Salaris maand
20230601;75,26;Af;Kleding
20230602;19,79;Af;Entertainment
20230604;199,28;Af;Naar spaarrekening
20230605;76,28;Af;Entertainment
20230607;23,72;Af;Boodschappen
20230610;10,96;Af;Huur
20230612;60,23;Bij;Van spaarrekening
20230617;44,28;Af;Huur
20230620;37,63;Af;Benzine
20230622;15,81;Af;Huur
20230626;39,44;Af;Huur
20230627;95,90;Af;Benzine
20230630;203,14;Af;Uit eten
20230701;2.099,14;Bij;Salaris maand
20230702;195,85;Af;Huur
20230704;30,14;Af;Huur
20230710;127,42;Af;Benzine
20230711;53,72;Af;Kleding
20230712;33,06;Af;Kleding
20230717;9,83;Af;Boodschappen
20230718;553,83;Bij;Vergoeding of gift
20230718;3,75;Af;Uit eten
20230718;157,94;Af;Naar spaarrekening
20230720;101,19;Af;Entertainment
20230721;1,60;Af;Entertainment
20230722;101,66;Af;Uit eten
20230724;17,73;Af;Kleding
20230724;280,07;Af;Belegging
20230725;40,68;Af;Benzine
20230728;85,65;Af;Uit eten
20230729;51,18;Af;Uit eten
20230730;24,74;Af;Entertainment
20230731;55,99;Af;Uit eten
20230801;2.028,63;Bij;Salaris maand
20230803;169,10;Af;Entertainment
20230803;181,12;Af;Naar spaarrekening
20230804;35,85;Af;Boodschappen
20230808;15,66;Af;Entertainment
20230812;10,88;Af;Boodschappen
20230816;184,96;Bij;Van spaarrekening
20230817;543,14;Bij;Vergoeding of gift
20230819;28,90;Af;Entertainment
20230821;18,98;Af;Kleding
20230822;123,26;Af;Entertainment
20230823;5,21;Af;Huur
20230826;38,19;Af;Entertainment
20230827;163,64;Af;Naar spaarrekening
20230828;44,75;Af;Benzine
20230831;4,87;Af;Benzine
20230901;1.857,59;Bij;Salaris maand
20230901;28,08;Af;Huur
20230902;26,28;Af;Benzine
20230903;2,03;Af;Boodschappen
20230903;118,79;Bij;Van spaarrekening
20230905;14,50;Af;Kleding
20230906;262,49;Af;Belegging
20230907;26,68;Af;Benzine
20230908;2,86;Af;Huur
20230909;102,24;Af;Kleding
20230910;26,56;Af;Kleding
20230911;64,44;Af;Boodschappen
20230913;71,48;Af;Entertainment
20230914;39,70;Af;Entertainment
20230915;12,41;Af;Boodschappen
20230916;17,09;Af;Benzine
20230917;41,22;Af;Entertainment
20230919;8,10;Af;Benzine
20230920;1,27;Af;Kleding
20230921;14,56;Af;Uit eten
20230922;29,58;Af;Uit eten
20230924;161,35;Af;Boodschappen
20230928;17,37;Af;Entertainment
20231001;1.967,61;Bij;Salaris maand
20231002;20,80;Af;Huur
20231003;3,51;Af;Uit eten
20231004;581,44;Bij;Vergoeding of gift
20231004;53,14;Af;Boodschappen
20231006;3,33;Af;Uit eten
20231008;132,21;Af;Kleding
20231009;44,67;Af;Uit eten
20231009;142,62;Af;Naar spaarrekening
20231011;136,81;Af;Huur
20231013;15,71;Af;Kleding
20231014;9,39;Af;Benzine
20231015;8,27;Af;Boodschappen
20231018;7,95;Af;Huur
20231018;67,46;Bij;Van spaarrekening
20231020;66,79;Af;Kleding
20231023;22,54;Af;Huur
20231024;25,47;Af;Entertainment
20231025;147,51;Af;Entertainment
20231027;46,46;Af;Huur
20231028;492,71;Bij;Vergoeding of gift
20231031;42,31;Af;Boodschappen
20231101;2.016,38;Bij;Salaris maand
20231101;7,30;Af;Boodschappen
20231103;97,39;Af;Uit eten
20231104;14,20;Af;Benzine
20231111;23,44;Af;Huur
20231112;225,85;Af;Belegging
20231113;68,93;Af;Benzine
20231119;55,48;Af;Huur
20231121;60,64;Af;Naar spaarrekening
20231123;76,23;Af;Uit eten
20231124;39,60;Af;Entertainment
20231125;7,03;Af;Entertainment
20231129;7,28;Af;Uit eten
20231130;37,03;Af;Uit eten
20231201;2.127,17;Bij;Salaris maand
20231201;89,46;Af;Entertainment
20231203;32,38;Af;Kleding
20231204;126,96;Af;Naar spaarrekening
20231205;8,13;Af;Entertainment
20231206;76,87;Af;Entertainment
20231208;5,42;Af;Uit eten
20231210;4,05;Af;Entertainment
20231211;96,11;Af;Huur
20231214;68,38;Af;Kleding
20231219;35,31;Af;Uit eten
20231219;183,36;Af;Naar spaarrekening
20231221;27,85;Af;Entertainment
20231221;188,62;Bij;Van spaarrekening
20231222;12,10;Af;Huur
20231223;14,03;Af;Huur
20231224;24,65;Af;Boodschappen
20231225;124,57;Af;Entertainment
20231227;89,58;Af;Uit eten
20240101;1.965,52;Bij;Salaris maand
20240102;44,89;Af;Benzine
20240103;50,47;Af;Benzine
20240105;42,28;Af;Huur
20240106;17,29;Af;Kleding
20240108;39,17;Af;Benzine
20240110;58,66;Af;Huur
20240111;142,91;Af;Uit eten
20240112;42,18;Af;Benzine
20240113;7,15;Af;Entertainment
20240114;1,26;Af;Benzine
20240117;17,44;Af;Kleding
20240119;3,04;Af;Kleding
20240121;29,91;Af;Boodschappen
20240121;123,78;Bij;Van spaarrekening
20240122;106,62;Af;Naar spaarrekening
20240124;6,05;Af;Entertainment
20240128;102,73;Af;Uit eten
20240129;158,31;Af;Entertainment
20240130;45,54;Af;Entertainment
20240201;2.047,28;Bij;Salaris maand
20240202;17,14;Af;Huur
20240202;132,96;Af;Naar spaarrekening
20240203;56,28;Af;Huur
20240205;144,36;Af;Naar spaarrekening
20240206;7,17;Af;Uit eten
20240207;33,21;Af;Huur
20240209;111,33;Bij;Van spaarrekening
20240211;104,70;Af;Uit eten
20240212;399,76;Af;Belegging
20240214;84,02;Af;Entertainment
20240217;10,44;Af;Boodschappen
20240220;89,20;Af;Boodschappen
20240221;31,32;Af;Entertainment
20240223;5,69;Af;Entertainment
20240224;16,00;Af;Uit eten
20240225;32,91;Af;Uit eten
20240228;86,54;Af;Entertainment
20240228;198,33;Af;Belegging
20240229;42,18;Af;Entertainment
20240301;1.952,50;Bij;Salaris maand
20240301;9,74;Af;Uit eten
20240301;112,67;Af;Belegging
20240302;11,93;Af;Huur
20240307;475,25;Bij;Vergoeding of gift
20240307;24,32;Af;Entertainment
20240308;21,91;Af;Benzine
20240309;193,78;Af;Benzine
20240312;0,69;Af;Boodschappen
20240314;40,26;Af;Boodschappen
20240315;82,95;Af;Entertainment
20240317;125,64;Af;Huur
20240319;19,96;Af;Uit eten
20240320;75,54;Af;Kleding
20240321;16,56;Af;Huur
20240323;7,94;Af;Kleding
20240325;16,65;Af;Entertainment
20240401;1.971,26;Bij;Salaris maand
20240401;48,10;Af;Entertainment
20240405;79,58;Af;Huur
20240406;24,89;Af;Kleding
20240407;4,16;Af;Benzine
20240408;43,22;Af;Uit eten
20240409;12,30;Af;Entertainment
20240411;27,89;Af;Benzine
20240414;62,62;Af;Huur
20240415;119,77;Af;Boodschappen
20240416;104,58;Af;Uit eten
20240417;35,94;Af;Uit eten
20240418;63,11;Af;Benzine
20240419;57,93;Af;Entertainment
20240423;19,53;Af;Benzine
20240424;27,33;Af;Uit eten
20240425;143,37;Af;Benzine
20240428;124,56;Af;Huur
20240501;2.155,71;Bij;Salaris maand
20240503;63,09;Af;Kleding
20240504;21,20;Af;Boodschappen
20240505;157,55;Af;Entertainment
20240506;35,84;Af;Huur
20240508;19,39;Af;Benzine
20240509;37,16;Af;Benzine
20240510;37,43;Af;Huur
20240515;23,03;Af;Benzine
20240522;66,91;Af;Uit eten
20240522;469,95;Af;Belegging
20240523;67,33;Af;Boodschappen
20240525;2,69;Af;Boodschappen
20240527;20,17;Af;Uit eten
20240528;16,08;Af;Boodschappen
20240529;37,69;Af;Kleding
20240529;175,76;Af;Naar spaarrekening
20240530;122,91;Af;Entertainment
20240601;2.061,31;Bij;Salaris maand
20240603;16,34;Af;Kleding
20240604;0,26;Af;Uit eten
20240605;22,73;Af;Benzine
20240606;10,99;Af;Benzine
20240607;12,11;Af;Entertainment
20240610;28,00;Af;Huur
20240612;17,17;Af;Uit eten
20240614;132,18;Af;Uit eten
20240615;14,00;Af;Huur
20240616;12,07;Af;Entertainment
20240619;84,83;Af;Kleding
20240621;13,41;Af;Huur
20240622;30,92;Af;Entertainment
20240623;3,04;Af;Entertainment
20240626;16,97;Af;Huur
20240628;138,85;Af;Boodschappen
20240701;1.955,66;Bij;Salaris maand
20240703;21,21;Af;Entertainment
20240705;97,41;Af;Boodschappen
20240708;122,09;Af;Kleding
20240711;9,42;Af;Uit eten
20240711;184,11;Af;Naar spaarrekening
20240714;35,61;Af;Entertainment
20240715;65,59;Af;Uit eten
20240716;7,07;Af;Huur
20240718;73,14;Af;Naar spaarrekening
20240720;78,05;Af;Uit eten
20240722;16,64;Af;Benzine
20240722;91,11;Af;Naar spaarrekening
20240724;104,25;Af;Boodschappen
20240726;132,54;Af;Boodschappen
20240729;27,05;Af;Benzine
20240731;27,53;Af;Boodschappen
20240801;2.096,52;Bij;Salaris maand
20240801;43,43;Af;Benzine
20240802;52,13;Af;Entertainment
20240803;46,42;Af;Entertainment
20240803;279,96;Af;Belegging
20240804;133,87;Af;Boodschappen
20240805;53,63;Af;Kleding
20240811;490,42;Bij;Vergoeding of gift
20240811;67,28;Af;Kleding
20240812;84,30;Af;Uit eten
20240813;37,10;Af;Huur
20240815;7,73;Af;Boodschappen
20240818;16,32;Af;Kleding
20240824;70,11;Af;Huur
20240825;68,21;Af;Huur
20240829;4,93;Af;Entertainment
20240830;34,41;Af;Entertainment
20240831;139,14;Af;Uit eten
20240901;2.027,89;Bij;Salaris maand
20240901;51,83;Af;Entertainment
20240903;35,76;Af;Uit eten
20240905;22,07;Af;Kleding
20240907;270,72;Af;Belegging
20240908;1,67;Af;Kleding
20240912;79,47;Af;Uit eten
20240915;11,71;Af;Kleding
20240917;207,10;Af;Entertainment
20240918;83,61;Af;Naar spaarrekening
20240919;55,11;Af;Uit eten
20240921;0,31;Af;Boodschappen
20240922;25,53;Af;Kleding
20240924;14,12;Af;Huur
20240925;215,75;Af;Huur
20240926;7,42;Af;Uit eten
20240926;476,42;Af;Belegging
20240929;32,11;Af;Huur
20240930;111,50;Af;Entertainment
20241001;2.165,76;Bij;Salaris maand
20241001;52,60;Af;Huur
20241002;43,49;Af;Kleding
20241003;4,96;Af;Kleding
20241004;3,95;Af;Uit eten
20241005;26,31;Af;Entertainment
20241006;5,84;Af;Benzine
20241006;174,37;Bij;Van spaarrekening
20241008;30,37;Af;Benzine
20241009;11,03;Af;Entertainment
20241012;81,84;Af;Kleding
20241013;31,08;Af;Uit eten
20241020;74,68;Af;Huur
20241021;5,51;Af;Kleding
20241023;216,19;Af;Belegging
20241027;70,22;Af;Benzine
20241028;13,51;Af;Uit eten
20241030;33,98;Af;Kleding
20241101;2.067,05;Bij;Salaris maand
20241101;13,63;Af;Uit eten
20241103;2,15;Af;Boodschappen
20241104;0,76;Af;Uit eten
20241105;70,44;Af;Kleding
20241106;44,08;Af;Boodschappen
20241108;25,65;Af;Kleding
20241109;60,90;Af;Kleding
20241110;29,10;Af;Benzine
20241111;106,42;Af;Uit eten
20241114;52,16;Af;Boodschappen
20241115;153,00;Bij;Van spaarrekening
20241116;23,22;Af;Entertainment
20241117;82,51;Af;Entertainment
20241118;222,08;Af;Boodschappen
20241120;25,23;Af;Uit eten
20241121;53,39;Af;Huur
20241123;52,26;Af;Entertainment
20241125;2,96;Af;Kleding
20241126;27,49;Af;Boodschappen
20241128;127,52;Af;Benzine
20241129;8,01;Af;Entertainment
20241201;1.894,99;Bij;Salaris maand
20241201;13,55;Af;Kleding
20241202;30,30;Af;Entertainment
20241203;14,96;Af;Benzine
20241204;24,26;Af;Entertainment
20241207;103,48;Af;Entertainment
20241207;269,27;Af;Belegging
20241208;48,55;Af;Entertainment
20241210;3,93;Af;Uit eten
20241212;32,16;Af;Benzine
20241214;37,87;Af;Uit eten
20241217;2,78;Af;Entertainment
20241218;27,83;Af;Benzine
20241220;131,15;Af;Huur
20241221;42,93;Af;Uit eten
20241223;74,67;Af;Benzine
20241225;25,34;Af;Entertainment
20241225;330,96;Af;Belegging
20241227;46,73;Af;Kleding
20241229;89,22;Af;Huur
20241230;130,11;Af;Naar spaarrekening
20241231;28,80;Af;Entertainment
20250101;1.946,46;Bij;Salaris maand
20250101;67,76;Af;Benzine
20250102;12,81;Af;Huur
20250103;41,11;Af;Huur
20250105;62,42;Af;Huur
20250111;48,22;Af;Boodschappen
20250115;60,66;Af;Huur
20250118;13,51;Af;Benzine
20250120;45,16;Af;Huur
20250122;0,08;Af;Benzine
20250123;182,11;Af;Uit eten
20250124;37,64;Af;Uit eten
20250128;120,55;Bij;Van spaarrekening
20250129;67,17;Af;Boodschappen
20250130;185,71;Af;Entertainment
20250131;55,14;Af;Uit eten
20250201;1.853,12;Bij;Salaris maand
20250202;0,79;Af;Boodschappen
20250202;201,69;Af;Belegging
20250206;74,19;Af;Benzine
20250207;21,35;Af;Kleding
20250208;15,13;Af;Uit eten
20250211;679,70;Bij;Vergoeding of gift
20250212;4,16;Af;Huur
20250216;2,87;Af;Kleding
20250217;66,87;Af;Boodschappen
20250218;4,82;Af;Boodschappen
20250219;40,01;Af;Entertainment
20250221;2,21;Af;Entertainment
20250225;14,97;Af;Boodschappen
20250226;29,49;Af;Kleding
20250227;66,16;Af;Entertainment
20250228;65,00;Af;Benzine
20250228;154,60;Af;Naar spaarrekening
20250301;1.951,96;Bij;Salaris maand
20250301;53,29;Af;Uit eten
20250302;36,58;Af;Huur
20250303;6,90;Af;Uit eten
20250304;81,37;Af;Uit eten
20250305;115,35;Af;Huur
20250307;273,71;Af;Kleding
20250309;52,53;Af;Naar spaarrekening
20250310;13,78;Af;Uit eten
20250314;74,27;Af;Uit eten
20250314;74,34;Af;Naar spaarrekening
20250319;11,88;Af;Boodschappen
20250320;155,57;Af;Kleding
20250322;79,34;Af;Boodschappen
20250325;53,75;Af;Huur
20250325;331,18;Af;Belegging
20250326;5,18;Af;Benzine
20250327;28,06;Af;Huur
20250329;18,52;Af;Entertainment
20250401;2.046,69;Bij;Salaris maand
20250401;39,31;Af;Entertainment
20250401;110,02;Af;Belegging
20250402;142,85;Af;Kleding
20250404;3,17;Af;Uit eten
20250405;86,38;Af;Boodschappen
20250406;131,89;Af;Belegging
20250407;96,20;Af;Huur
20250408;23,95;Af;Benzine
20250409;77,68;Af;Kleding
20250411;57,35;Af;Benzine
20250412;11,97;Af;Benzine
20250413;3,92;Af;Entertainment
20250414;58,23;Af;Entertainment
20250416;51,92;Af;Huur
20250418;34,83;Af;Boodschappen
20250418;146,62;Af;Naar spaarrekening
20250420;118,74;Af;Kleding
20250425;91,78;Bij;Van spaarrekening
20250426;34,98;Af;Uit eten
20250428;5,88;Af;Kleding
20250501;2.123,83;Bij;Salaris maand
20250501;4,16;Af;Benzine
20250503;71,24;Af;Entertainment
20250504;93,91;Bij;Van spaarrekening
20250505;21,27;Af;Kleding
20250507;8,34;Af;Huur
20250508;157,17;Af;Uit eten
20250510;73,01;Af;Entertainment
20250511;21,48;Af;Benzine
20250512;22,01;Af;Uit eten
20250512;406,64;Af;Belegging
20250517;12,40;Af;Kleding
20250518;9,15;Af;Kleding
20250522;161,99;Bij;Van spaarrekening
20250524;94,39;Af;Benzine
20250529;94,04;Af;Benzine
20250531;194,17;Af;Entertainment
20250601;1.928,37;Bij;Salaris maand
20250601;3,33;Af;Boodschappen
20250603;31,91;Af;Benzine
20250604;50,29;Af;Uit eten
20250607;28,81;Af;Boodschappen
20250608;31,96;Af;Boodschappen
20250609;2,10;Af;Huur
20250611;71,47;Af;Benzine
20250611;189,80;Af;Belegging
20250614;72,45;Af;Entertainment
20250616;33,09;Af;Kleding
20250617;121,25;Af;Benzine
20250618;12,59;Af;Benzine
20250618;316,03;Af;Belegging
20250619;138,13;Af;Kleding
20250620;56,37;Af;Naar spaarrekening
20250625;11,34;Af;Kleding
20250626;51,10;Af;Boodschappen
20250629;23,76;Af;Huur
20250629;101,44;Af;Naar spaarrekening
20250630;22,18;Af;Benzine
20250701;2.127,81;Bij;Salaris maand
20250701;21,75;Af;Entertainment
20250705;29,21;Af;Boodschappen
20250706;2,45;Af;Boodschappen
20250709;11,49;Af;Boodschappen
20250712;53,38;Af;Benzine
20250713;5,77;Af;Kleding
20250714;12,57;Af;Kleding
20250719;13,58;Af;Benzine
20250722;406,18;Af;Belegging
20250724;268,91;Af;Belegging
20250725;97,35;Af;Naar spaarrekening
20250727;44,49;Af;Huur
20250728;29,50;Af;Entertainment
20250729;25,68;Af;Kleding
20250731;10,85;Af;Boodschappen
20250801;1.980,69;Bij;Salaris maand
20250801;42,53;Af;Kleding
20250802;48,94;Af;Uit eten
20250803;2,22;Af;Boodschappen
20250805;7,71;Af;Huur
20250806;43,85;Af;Huur
20250807;83,07;Af;Entertainment
20250807;152,01;Af;Belegging
20250808;56,28;Af;Kleding
20250809;81,85;Af;Entertainment
20250810;70,36;Af;Uit eten
20250812;9,90;Af;Kleding
20250813;7,25;Af;Huur
20250814;0,55;Af;Boodschappen
20250817;183,61;Af;Kleding
20250819;225,52;Af;Boodschappen
20250822;35,95;Af;Huur
20250824;466,79;Bij;Vergoeding of gift
20250828;10,97;Af;Benzine
20250829;55,84;Af;Kleding
20250829;100,16;Af;Naar spaarrekening
20250830;17,71;Af;Huur
20250901;1.923,43;Bij;Salaris maand
20250901;23,75;Af;Uit eten
20250902;8,62;Af;Kleding
20250904;84,36;Af;Uit eten
20250905;60,31;Af;Uit eten
20250910;478,97;Bij;Vergoeding of gift
20250910;38,11;Af;Boodschappen
20250911;59,21;Af;Kleding
20250914;12,93;Af;Kleding
20250915;102,57;Af;Benzine
20250918;95,74;Af;Boodschappen
20250921;34,07;Af;Uit eten
20250922;172,47;Af;Kleding
20250924;12,72;Af;Boodschappen
20250927;6,62;Af;Kleding
20250929;9,16;Af;Kleding
20250929;374,76;Af;Belegging
20250930;17,87;Af;Uit eten
20251001;2.066,66;Bij;Salaris maand
20251002;468,31;Af;Belegging
20251004;52,58;Af;Boodschappen
20251006;10,96;Af;Benzine
20251007;72,24;Af;Kleding
20251008;11,87;Af;Boodschappen
20251009;28,77;Af;Huur
20251017;6,52;Af;Kleding
20251018;248,58;Af;Belegging
20251020;11,36;Af;Huur
20251021;40,27;Af;Benzine
20251022;54,86;Af;Huur
20251024;7,01;Af;Entertainment
20251026;121,30;Af;Kleding
20251027;99,99;Af;Benzine
20251028;9,74;Af;Kleding
20251029;404,44;Bij;Vergoeding of gift
20251101;2.142,62;Bij;Salaris maand
20251101;493,51;Bij;Vergoeding of gift
20251107;33,84;Af;Uit eten
20251108;42,83;Af;Entertainment
20251109;134,69;Af;Entertainment
20251112;1,31;Af;Kleding
20251113;111,72;Af;Benzine
20251117;190,40;Bij;Van spaarrekening
20251118;35,85;Af;Uit eten
20251119;55,69;Af;Entertainment
20251121;3,20;Af;Entertainment
20251123;47,76;Af;Kleding
20251123;75,73;Bij;Van spaarrekening
20251126;73,89;Af;Entertainment
20251127;23,37;Af;Benzine
20251128;1,57;Af;Uit eten
20251201;1.989,39;Bij;Salaris maand
20251203;4,45;Af;Uit eten
20251204;115,75;Bij;Van spaarrekening
20251209;7,27;Af;Boodschappen
20251210;52,77;Af;Kleding
20251211;85,55;Af;Boodschappen
20251212;35,54;Af;Entertainment
20251216;41,25;Af;Benzine
20251219;38,04;Af;Huur
20251220;78,51;Af;Entertainment
20251221;92,43;Af;Kleding
20251225;25,39;Af;Benzine
20251227;11,56;Af;Kleding
20251229;52,40;Af;Entertainment
